,baseMean,log2FoldChange,lfcSE,stat,pvalue,padj,,ensembl_id
ENSMUSG00000030268_Bcat1,970.2375277,4.822886335,0.250800375,19.22998054,2.08E-82,1.91E-78,,ENSMUSG00000030268
ENSMUSG00000029816_Gpnmb,1541.975088,4.221666026,0.252242608,16.73653023,7.10E-63,4.35E-59,,ENSMUSG00000029816
ENSMUSG00000032327_Stra6,159.458803,3.989562059,0.258113206,15.45663671,6.81E-54,3.12E-50,,ENSMUSG00000032327
ENSMUSG00000024421_Lama3,1108.182296,2.834881913,0.199722682,14.19409098,9.97E-46,3.66E-42,,ENSMUSG00000024421
ENSMUSG00000117465_Gm49980,345.0092578,3.131371259,0.229609688,13.63780109,2.39E-42,6.26E-39,,ENSMUSG00000117465
ENSMUSG00000046402_Rbp1,3358.617847,2.06661083,0.153417376,13.47051347,2.33E-41,5.35E-38,,ENSMUSG00000046402
ENSMUSG00000025902_Sox17,484.8808838,3.023025673,0.236329915,12.79154891,1.83E-37,3.73E-34,,ENSMUSG00000025902
ENSMUSG00000078591_Hs3st4,131.26263,8.29253498,0.671702752,12.34554265,5.15E-35,9.45E-32,,ENSMUSG00000078591
ENSMUSG00000042842_Serpinb6b,348.3603167,2.767619656,0.227825082,12.14800248,5.88E-34,9.81E-31,,ENSMUSG00000042842
ENSMUSG00000078503_Zfp990,123.4643213,8.394962771,0.712667432,11.77963576,4.97E-32,7.61E-29,,ENSMUSG00000078503
ENSMUSG00000023349_Clec4n,140.5235777,4.242848126,0.378938713,11.19666052,4.23E-29,5.18E-26,,ENSMUSG00000023349
ENSMUSG00000029162_Khk,804.5871074,2.230313837,0.200216918,11.13948738,8.06E-29,9.25E-26,,ENSMUSG00000029162
ENSMUSG00000024935_Slc1a1,1823.036733,2.771630462,0.24957488,11.10540639,1.18E-28,1.28E-25,,ENSMUSG00000024935
ENSMUSG00000019055_Plod1,2030.269041,1.810490297,0.167621337,10.801073,3.40E-27,3.47E-24,,ENSMUSG00000019055
ENSMUSG00000049723_Mmp12,2009.392196,3.938987415,0.383314597,10.27612161,9.03E-25,7.54E-22,,ENSMUSG00000049723
ENSMUSG00000050335_Lgals3,2266.815319,2.674515887,0.27882307,9.592161388,8.63E-22,5.46E-19,,ENSMUSG00000050335
ENSMUSG00000058897_Col25a1,251.7726189,3.537908912,0.3743844,9.44993678,3.39E-21,2.08E-18,,ENSMUSG00000058897
ENSMUSG00000024659_Anxa1,9105.212473,2.487206738,0.265761228,9.358802103,8.06E-21,4.63E-18,,ENSMUSG00000024659
ENSMUSG00000030302_Atp2b2,267.9884786,3.881395403,0.41565301,9.338066393,9.81E-21,5.30E-18,,ENSMUSG00000030302
ENSMUSG00000045827_Serpinb9,1031.96042,1.36719569,0.148404565,9.212625573,3.18E-20,1.62E-17,,ENSMUSG00000045827
ENSMUSG00000089929_Bcl2a1b,149.8010931,2.363512942,0.26299848,8.986793172,2.55E-19,1.23E-16,,ENSMUSG00000089929
ENSMUSG00000026822_Lcn2,217.4338992,3.716762975,0.414210561,8.973124599,2.88E-19,1.36E-16,,ENSMUSG00000026822
ENSMUSG00000024517_Grp,1344.69954,2.930727757,0.327226336,8.956271051,3.36E-19,1.51E-16,,ENSMUSG00000024517
ENSMUSG00000031779_Ccl22,160.7611408,3.47483842,0.388007043,8.955606562,3.38E-19,1.51E-16,,ENSMUSG00000031779
ENSMUSG00000044594_Serpinb3a,490.1115304,27.02507661,3.026235737,8.930261541,4.25E-19,1.86E-16,,ENSMUSG00000044594
ENSMUSG00000079293_Clec7a,427.6568295,2.508287244,0.281157061,8.921302687,4.61E-19,1.97E-16,,ENSMUSG00000079293
ENSMUSG00000047250_Ptgs1,598.3137742,1.878053565,0.212667,8.830959032,1.04E-18,4.23E-16,,ENSMUSG00000047250
ENSMUSG00000039070_Cpa4,308.1373542,2.400723518,0.273543211,8.77639592,1.69E-18,6.71E-16,,ENSMUSG00000039070
ENSMUSG00000007891_Ctsd,28989.28293,0.999283983,0.114494526,8.727788277,2.60E-18,9.94E-16,,ENSMUSG00000007891
ENSMUSG00000112023_Lilr4b,521.2772445,2.177384831,0.251322301,8.663715175,4.57E-18,1.64E-15,,ENSMUSG00000112023
ENSMUSG00000029188_Slc34a2,593.5277088,3.912321904,0.454297452,8.611806848,7.19E-18,2.54E-15,,ENSMUSG00000029188
ENSMUSG00000063652_Slc22a21,211.3421743,2.144296348,0.255387205,8.396255986,4.61E-17,1.54E-14,,ENSMUSG00000063652
ENSMUSG00000020467_Efemp1,1734.867483,1.20400344,0.145309297,8.285797696,1.17E-16,3.85E-14,,ENSMUSG00000020467
ENSMUSG00000026070_Il18r1,1674.839331,1.331223669,0.161206981,8.257853744,1.48E-16,4.70E-14,,ENSMUSG00000026070
ENSMUSG00000035407_Kank4,407.5963398,1.777734525,0.217192265,8.185072913,2.72E-16,8.47E-14,,ENSMUSG00000035407
ENSMUSG00000023236_Scg5,6360.178253,1.915209272,0.235631736,8.127976754,4.37E-16,1.34E-13,,ENSMUSG00000023236
ENSMUSG00000033578_Tmem35a,869.5286785,2.332956335,0.28715972,8.12424644,4.50E-16,1.36E-13,,ENSMUSG00000033578
ENSMUSG00000027356_Fermt1,170.2411164,2.215791538,0.27336489,8.105618613,5.25E-16,1.55E-13,,ENSMUSG00000027356
ENSMUSG00000025934_Gsta3,1584.403231,1.413203184,0.174553093,8.096122257,5.67E-16,1.65E-13,,ENSMUSG00000025934
ENSMUSG00000028148_Them5,264.6630378,6.114568882,0.765494036,7.987742024,1.37E-15,3.82E-13,,ENSMUSG00000028148
ENSMUSG00000044496_2510039O18Rik,1339.53101,0.813674699,0.102596874,7.930794235,2.18E-15,5.88E-13,,ENSMUSG00000044496
ENSMUSG00000062593_Gm49339,246.6273279,2.653503204,0.334850188,7.924448889,2.29E-15,6.10E-13,,ENSMUSG00000062593
ENSMUSG00000022656_Nectin3,272.9649998,2.005776142,0.255307487,7.856315413,3.96E-15,1.02E-12,,ENSMUSG00000022656
ENSMUSG00000018927_Ccl6,1476.226974,2.410779258,0.308782033,7.80738191,5.84E-15,1.45E-12,,ENSMUSG00000018927
ENSMUSG00000055044_Pdlim1,1499.162573,1.415631352,0.181611626,7.794827792,6.45E-15,1.58E-12,,ENSMUSG00000055044
ENSMUSG00000050359_Sprr1a,470.6203673,7.577551779,0.973490318,7.783900506,7.03E-15,1.70E-12,,ENSMUSG00000050359
ENSMUSG00000006143_Upk3bl,433.5827089,3.224935409,0.414696215,7.776621285,7.45E-15,1.77E-12,,ENSMUSG00000006143
ENSMUSG00000031780_Ccl17,106.0884286,4.686231206,0.602801092,7.774092103,7.60E-15,1.77E-12,,ENSMUSG00000031780
ENSMUSG00000061878_Sphk1,269.6394289,3.244321532,0.41734169,7.773777725,7.62E-15,1.77E-12,,ENSMUSG00000061878
ENSMUSG00000020432_Tcn2,6326.442234,1.226948083,0.158590005,7.736604094,1.02E-14,2.34E-12,,ENSMUSG00000020432
ENSMUSG00000020120_Plek,393.9468705,1.542924845,0.200336734,7.701657168,1.34E-14,3.04E-12,,ENSMUSG00000020120
ENSMUSG00000030605_Mfge8,3379.846896,1.330984793,0.173254322,7.682260255,1.56E-14,3.50E-12,,ENSMUSG00000030605
ENSMUSG00000072941_Sod3,3629.326407,1.829940711,0.238619703,7.668858404,1.74E-14,3.84E-12,,ENSMUSG00000072941
ENSMUSG00000032688_Malt1,1004.913953,1.555374134,0.203678688,7.636410818,2.23E-14,4.83E-12,,ENSMUSG00000032688
ENSMUSG00000105703_Gm43305,1503.557499,2.125623522,0.280115799,7.58837427,3.24E-14,6.92E-12,,ENSMUSG00000105703
ENSMUSG00000049866_Arl4c,609.6281385,1.810926489,0.239043593,7.575716496,3.57E-14,7.54E-12,,ENSMUSG00000049866
ENSMUSG00000032561_Acpp,895.7557036,2.280294106,0.304326506,7.492919799,6.74E-14,1.36E-11,,ENSMUSG00000032561
ENSMUSG00000034926_Dhcr24,1637.857121,1.555168666,0.209422514,7.425986038,1.12E-13,2.19E-11,,ENSMUSG00000034926
ENSMUSG00000027276_Jag1,1012.200974,1.007610497,0.137326799,7.337318749,2.18E-13,4.06E-11,,ENSMUSG00000027276
ENSMUSG00000041986_Elmod1,126.7310922,2.794470578,0.380889547,7.336695372,2.19E-13,4.06E-11,,ENSMUSG00000041986
ENSMUSG00000018774_Cd68,623.4339949,1.726723119,0.235400167,7.335267194,2.21E-13,4.06E-11,,ENSMUSG00000018774
ENSMUSG00000118012_Gm46620,1938.818043,2.074281432,0.284701723,7.285805685,3.20E-13,5.81E-11,,ENSMUSG00000118012
ENSMUSG00000023992_Trem2,222.0157415,2.15234811,0.295625779,7.280650958,3.32E-13,5.98E-11,,ENSMUSG00000023992
ENSMUSG00000009185_Ccl8,177.1777214,2.086366324,0.287711542,7.251590633,4.12E-13,7.27E-11,,ENSMUSG00000009185
ENSMUSG00000062296_Trank1,285.7488832,1.701434458,0.235175203,7.234752794,4.66E-13,8.16E-11,,ENSMUSG00000062296
ENSMUSG00000105263_Gm42427,2153.05852,2.502534133,0.346071278,7.231267918,4.79E-13,8.29E-11,,ENSMUSG00000105263
ENSMUSG00000047759_Hs3st3a1,205.367386,2.144718005,0.298767243,7.178558081,7.05E-13,1.20E-10,,ENSMUSG00000047759
ENSMUSG00000030789_Itgax,772.9279179,1.94283367,0.270848075,7.173149264,7.33E-13,1.23E-10,,ENSMUSG00000030789
ENSMUSG00000069763_Tmem100,803.6617271,2.001434385,0.27945278,7.161977009,7.95E-13,1.33E-10,,ENSMUSG00000069763
ENSMUSG00000005958_Ephb3,379.2407614,1.995851252,0.278865738,7.157032863,8.24E-13,1.36E-10,,ENSMUSG00000005958
ENSMUSG00000057766_Ankrd29,115.185866,1.781291707,0.25200373,7.068513258,1.57E-12,2.46E-10,,ENSMUSG00000057766
ENSMUSG00000029859_Epha1,795.3851536,1.544394801,0.219104505,7.048667487,1.81E-12,2.80E-10,,ENSMUSG00000029859
ENSMUSG00000035493_Tgfbi,2968.58144,2.10998003,0.299722188,7.0397859,1.93E-12,2.95E-10,,ENSMUSG00000035493
ENSMUSG00000021939_Ctsb,23401.29185,1.145081822,0.162901468,7.02929099,2.08E-12,3.12E-10,,ENSMUSG00000021939
ENSMUSG00000003617_Cp,4280.428955,1.208888751,0.172226321,7.019186995,2.23E-12,3.33E-10,,ENSMUSG00000003617
ENSMUSG00000000385_Tmprss2,3269.578357,1.216177853,0.175812509,6.917470551,4.60E-12,6.70E-10,,ENSMUSG00000000385
ENSMUSG00000027656_Ccn5,152.4093844,2.709448521,0.392317844,6.906258688,4.98E-12,7.14E-10,,ENSMUSG00000027656
ENSMUSG00000051669_AU021092,5572.316543,1.319903011,0.19109253,6.907140797,4.95E-12,7.14E-10,,ENSMUSG00000051669
ENSMUSG00000073411_H2-D1,13982.06571,0.889210391,0.128962582,6.895103832,5.38E-12,7.66E-10,,ENSMUSG00000073411
ENSMUSG00000022372_Sla,780.3538423,1.834087445,0.266250755,6.888571812,5.64E-12,7.96E-10,,ENSMUSG00000022372
ENSMUSG00000020553_Pctp,498.9343288,1.026686692,0.149493013,6.867790467,6.52E-12,9.07E-10,,ENSMUSG00000020553
ENSMUSG00000013846_St3gal1,1719.964107,1.484093079,0.216544849,6.853513645,7.21E-12,9.80E-10,,ENSMUSG00000013846
ENSMUSG00000027401_Tgm3,1362.769442,9.195128373,1.341433466,6.854703275,7.15E-12,9.80E-10,,ENSMUSG00000027401
ENSMUSG00000003882_Il7r,203.9406679,1.731979921,0.256357991,6.756098819,1.42E-11,1.85E-09,,ENSMUSG00000003882
ENSMUSG00000021728_Emb,2556.600159,0.714792789,0.105808194,6.755552313,1.42E-11,1.85E-09,,ENSMUSG00000021728
ENSMUSG00000001131_Timp1,134.284623,2.458945481,0.364372911,6.748431084,1.49E-11,1.92E-09,,ENSMUSG00000001131
ENSMUSG00000026832_Cytip,262.5002997,1.588005936,0.235398935,6.746020049,1.52E-11,1.94E-09,,ENSMUSG00000026832
ENSMUSG00000023067_Cdkn1a,1696.661955,1.192747102,0.178611474,6.677886227,2.42E-11,3.03E-09,,ENSMUSG00000023067
ENSMUSG00000030862_Cpxm2,760.9823802,1.191539202,0.178886668,6.66086084,2.72E-11,3.38E-09,,ENSMUSG00000030862
ENSMUSG00000031284_Pak3,302.1845661,2.101529524,0.316107503,6.648148194,2.97E-11,3.66E-09,,ENSMUSG00000031284
ENSMUSG00000029322_Plac8,288.501862,1.333148994,0.200955766,6.634042017,3.27E-11,4.00E-09,,ENSMUSG00000029322
ENSMUSG00000049382_Krt8,8738.71883,1.321851884,0.200044501,6.607789148,3.90E-11,4.71E-09,,ENSMUSG00000049382
ENSMUSG00000043165_Lor,1321.230624,9.167122571,1.391265485,6.5890534,4.43E-11,5.28E-09,,ENSMUSG00000043165
ENSMUSG00000025232_Hexa,4981.740374,1.072752091,0.163582115,6.5578813,5.46E-11,6.38E-09,,ENSMUSG00000025232
ENSMUSG00000038147_Cd84,245.9404608,1.70115062,0.261544791,6.504242016,7.81E-11,8.91E-09,,ENSMUSG00000038147
ENSMUSG00000024737_Slc15a3,173.57588,1.623210902,0.249805819,6.497890682,8.15E-11,9.23E-09,,ENSMUSG00000024737
ENSMUSG00000039269_2300002M23Rik,181.1388861,7.06583837,1.088546441,6.491076637,8.52E-11,9.60E-09,,ENSMUSG00000039269
ENSMUSG00000031004_Mki67,236.4360905,1.685797168,0.259759594,6.489836019,8.59E-11,9.61E-09,,ENSMUSG00000031004
ENSMUSG00000032511_Scn5a,111.550264,2.844113741,0.438293498,6.489062135,8.64E-11,9.61E-09,,ENSMUSG00000032511
ENSMUSG00000030579_Tyrobp,506.5513837,1.588844179,0.246679862,6.440915622,1.19E-10,1.29E-08,,ENSMUSG00000030579
ENSMUSG00000074199_Krtdap,1108.76816,10.26847736,1.604038738,6.401639261,1.54E-10,1.64E-08,,ENSMUSG00000074199
ENSMUSG00000000290_Itgb2,767.6850871,1.691870133,0.266110141,6.357781501,2.05E-10,2.10E-08,,ENSMUSG00000000290
ENSMUSG00000019122_Ccl9,734.0981784,1.897348416,0.298706791,6.351875733,2.13E-10,2.16E-08,,ENSMUSG00000019122
ENSMUSG00000034685_Fam171a2,721.5719333,1.093162884,0.172322086,6.343718964,2.24E-10,2.26E-08,,ENSMUSG00000034685
ENSMUSG00000001247_Lsr,1519.45474,0.894358493,0.141537704,6.318870987,2.63E-10,2.62E-08,,ENSMUSG00000001247
ENSMUSG00000018171_Vmp1,2608.313207,0.795458113,0.126412712,6.29254844,3.12E-10,3.03E-08,,ENSMUSG00000018171
ENSMUSG00000038642_Ctss,2918.684726,1.538923401,0.244502392,6.294103666,3.09E-10,3.03E-08,,ENSMUSG00000038642
ENSMUSG00000110631_Gm42047,1207.356137,1.568916953,0.24929811,6.293336735,3.11E-10,3.03E-08,,ENSMUSG00000110631
ENSMUSG00000021457_Syk,400.4014944,1.014730836,0.161972608,6.26482989,3.73E-10,3.57E-08,,ENSMUSG00000021457
ENSMUSG00000001473_Tubb6,747.9468125,1.471775472,0.235067163,6.261084929,3.82E-10,3.64E-08,,ENSMUSG00000001473
ENSMUSG00000056737_Capg,2450.003155,1.288126512,0.206550048,6.236389304,4.48E-10,4.20E-08,,ENSMUSG00000056737
ENSMUSG00000039985_Sinhcaf,182.8232172,1.274136003,0.205236138,6.208146443,5.36E-10,4.97E-08,,ENSMUSG00000039985
ENSMUSG00000021175_Cdca7l,1505.84832,1.376314269,0.221834802,6.204230618,5.50E-10,5.07E-08,,ENSMUSG00000021175
ENSMUSG00000032231_Anxa2,8539.177746,1.195232028,0.192748958,6.200977881,5.61E-10,5.15E-08,,ENSMUSG00000032231
ENSMUSG00000020077_Srgn,630.3287043,0.862298201,0.139709302,6.172088675,6.74E-10,6.07E-08,,ENSMUSG00000020077
ENSMUSG00000028883_Sema3a,133.1952359,2.31565768,0.376905169,6.143873497,8.05E-10,7.21E-08,,ENSMUSG00000028883
ENSMUSG00000001025_S100a6,2074.298551,1.53376389,0.250222088,6.129610303,8.81E-10,7.85E-08,,ENSMUSG00000001025
ENSMUSG00000031538_Plat,583.0996793,1.372316386,0.223963936,6.127398944,8.93E-10,7.92E-08,,ENSMUSG00000031538
ENSMUSG00000029134_Plb1,125.4300278,1.871207742,0.306648067,6.102134485,1.05E-09,9.24E-08,,ENSMUSG00000029134
ENSMUSG00000020437_Myo1g,226.780509,1.250199677,0.205006506,6.098341477,1.07E-09,9.42E-08,,ENSMUSG00000020437
ENSMUSG00000047281_Sfn,1134.620633,1.801940839,0.296155146,6.084448861,1.17E-09,1.02E-07,,ENSMUSG00000047281
ENSMUSG00000023043_Krt18,3498.807614,1.155600592,0.190215713,6.075211011,1.24E-09,1.07E-07,,ENSMUSG00000023043
ENSMUSG00000028037_Ifi44,181.2140318,1.511839769,0.250038834,6.046419839,1.48E-09,1.26E-07,,ENSMUSG00000028037
ENSMUSG00000030532_Hddc3,262.9263226,0.944853235,0.156775129,6.026805657,1.67E-09,1.41E-07,,ENSMUSG00000030532
ENSMUSG00000017002_Slpi,964.2751332,8.389454951,1.396712193,6.006573861,1.89E-09,1.58E-07,,ENSMUSG00000017002
ENSMUSG00000040552_C3ar1,312.5948024,1.304900356,0.217531287,5.998678976,1.99E-09,1.65E-07,,ENSMUSG00000040552
ENSMUSG00000041153_Osgin2,431.2673869,1.273179995,0.212281995,5.997588224,2.00E-09,1.65E-07,,ENSMUSG00000041153
ENSMUSG00000004530_Coro1c,1649.600654,0.849530607,0.142095157,5.978603548,2.25E-09,1.84E-07,,ENSMUSG00000004530
ENSMUSG00000093674_Rpl41,4267.72706,0.905772471,0.15186709,5.964244589,2.46E-09,2.00E-07,,ENSMUSG00000093674
ENSMUSG00000028996_Rbp7,111.4455203,1.823543586,0.306142703,5.956514946,2.58E-09,2.07E-07,,ENSMUSG00000028996
ENSMUSG00000026547_Tagln2,6800.557029,0.936643565,0.157392878,5.950990791,2.67E-09,2.12E-07,,ENSMUSG00000026547
ENSMUSG00000047139_Cd24a,42275.18291,0.702797435,0.118242901,5.94367553,2.79E-09,2.21E-07,,ENSMUSG00000047139
ENSMUSG00000078922_Tgtp1,1147.256275,1.359170535,0.228950506,5.936525579,2.91E-09,2.28E-07,,ENSMUSG00000078922
ENSMUSG00000026833_Olfm1,359.5306378,1.134029614,0.191797365,5.912644388,3.37E-09,2.62E-07,,ENSMUSG00000026833
ENSMUSG00000033777_Tlr13,114.9617841,1.50109321,0.254562312,5.896761372,3.71E-09,2.85E-07,,ENSMUSG00000033777
ENSMUSG00000033508_Asprv1,1866.913864,8.800117724,1.493032365,5.894123885,3.77E-09,2.88E-07,,ENSMUSG00000033508
ENSMUSG00000049848_Ceacam19,216.2618016,1.532613998,0.260112872,5.89211132,3.81E-09,2.91E-07,,ENSMUSG00000049848
ENSMUSG00000027009_Itga4,1036.834031,1.122350546,0.191020267,5.875557422,4.21E-09,3.20E-07,,ENSMUSG00000027009
ENSMUSG00000071537_Klrg2,185.6264451,1.747849112,0.297901502,5.867204771,4.43E-09,3.35E-07,,ENSMUSG00000071537
ENSMUSG00000026989_Dapl1,112.6620706,2.965742762,0.507616899,5.842482333,5.14E-09,3.82E-07,,ENSMUSG00000026989
ENSMUSG00000079445_B3gnt7,120.4206941,2.632207612,0.450480171,5.843115368,5.12E-09,3.82E-07,,ENSMUSG00000079445
ENSMUSG00000050463_Krt78,666.1525097,10.14257814,1.737777906,5.836521518,5.33E-09,3.93E-07,,ENSMUSG00000050463
ENSMUSG00000023175_Bsg,14960.82277,0.812268143,0.139238911,5.833628969,5.42E-09,3.97E-07,,ENSMUSG00000023175
ENSMUSG00000046805_Mpeg1,1985.075889,1.034968594,0.177408503,5.833816176,5.42E-09,3.97E-07,,ENSMUSG00000046805
ENSMUSG00000046223_Plaur,131.5383182,2.001956323,0.343361454,5.830463205,5.53E-09,4.02E-07,,ENSMUSG00000046223
ENSMUSG00000020911_Krt19,3255.953818,1.31949434,0.228142094,5.783651389,7.31E-09,5.24E-07,,ENSMUSG00000020911
ENSMUSG00000053113_Socs3,327.7132449,1.047058065,0.181338074,5.774066305,7.74E-09,5.51E-07,,ENSMUSG00000053113
ENSMUSG00000070305_Mpzl3,565.7241943,1.01019646,0.1750886,5.769630115,7.94E-09,5.63E-07,,ENSMUSG00000070305
ENSMUSG00000022218_Tgm1,380.3786537,2.100225455,0.364314141,5.764874916,8.17E-09,5.77E-07,,ENSMUSG00000022218
ENSMUSG00000074934_Grem1,316.9843642,2.40629823,0.418857143,5.744913923,9.20E-09,6.47E-07,,ENSMUSG00000074934
ENSMUSG00000033685_Ucp2,4688.429528,1.055638586,0.183897116,5.740375977,9.45E-09,6.62E-07,,ENSMUSG00000033685
ENSMUSG00000071042_Rasgrp3,1051.404005,1.02244007,0.178268507,5.735393691,9.73E-09,6.79E-07,,ENSMUSG00000071042
ENSMUSG00000006360_Crip1,3097.697777,1.226804828,0.215293607,5.69828732,1.21E-08,8.20E-07,,ENSMUSG00000006360
ENSMUSG00000025044_Msr1,148.5875235,2.026895685,0.356951278,5.678353907,1.36E-08,9.15E-07,,ENSMUSG00000025044
ENSMUSG00000028111_Ctsk,416.1477621,1.351082036,0.238064803,5.675270011,1.38E-08,9.28E-07,,ENSMUSG00000028111
ENSMUSG00000040747_Cd53,377.6547006,1.188471844,0.209575258,5.670859507,1.42E-08,9.45E-07,,ENSMUSG00000040747
ENSMUSG00000015143_Actn1,2761.268167,0.956319254,0.168716508,5.668202039,1.44E-08,9.57E-07,,ENSMUSG00000015143
ENSMUSG00000002204_Napsa,5092.898401,1.479379677,0.261987022,5.646767027,1.63E-08,1.08E-06,,ENSMUSG00000002204
ENSMUSG00000041025_Iffo2,555.5704099,1.008815415,0.179119092,5.632093159,1.78E-08,1.17E-06,,ENSMUSG00000041025
ENSMUSG00000039813_Tbc1d2,287.5441222,1.36512872,0.243109543,5.615282325,1.96E-08,1.28E-06,,ENSMUSG00000039813
ENSMUSG00000044134_Pheta1,605.1463835,0.937045806,0.166926764,5.613514474,1.98E-08,1.29E-06,,ENSMUSG00000044134
ENSMUSG00000020814_Mxra7,481.9723996,0.721029446,0.128462316,5.612770111,1.99E-08,1.29E-06,,ENSMUSG00000020814
ENSMUSG00000046623_Gjb4,243.5558782,1.543173598,0.275051469,5.610490294,2.02E-08,1.30E-06,,ENSMUSG00000046623
ENSMUSG00000072596_Ear2,118.6438269,1.841646369,0.329238351,5.593656878,2.22E-08,1.42E-06,,ENSMUSG00000072596
ENSMUSG00000023015_Racgap1,106.2381364,1.579753882,0.282977107,5.582620799,2.37E-08,1.51E-06,,ENSMUSG00000023015
ENSMUSG00000025582_Nptx1,3912.292271,1.59561389,0.285905837,5.580907019,2.39E-08,1.52E-06,,ENSMUSG00000025582
ENSMUSG00000004207_Psap,34882.31825,0.839731564,0.150773593,5.56948697,2.55E-08,1.61E-06,,ENSMUSG00000004207
ENSMUSG00000016024_Lbp,1045.871713,1.286891445,0.231442348,5.56031105,2.69E-08,1.69E-06,,ENSMUSG00000016024
ENSMUSG00000056124_B4galt6,435.78174,1.35503281,0.243748322,5.559147245,2.71E-08,1.70E-06,,ENSMUSG00000056124
ENSMUSG00000070473_Cldn3,2542.300867,0.823854854,0.148249373,5.557223177,2.74E-08,1.71E-06,,ENSMUSG00000070473
ENSMUSG00000028344_Invs,856.3360401,1.55467029,0.279975518,5.552879408,2.81E-08,1.75E-06,,ENSMUSG00000028344
ENSMUSG00000002985_Apoe,11866.30691,1.071907041,0.193065966,5.552024864,2.82E-08,1.75E-06,,ENSMUSG00000002985
ENSMUSG00000059900_Tmem40,130.9285716,2.204218965,0.400150547,5.508474195,3.62E-08,2.22E-06,,ENSMUSG00000059900
ENSMUSG00000020914_Top2a,155.2147238,1.595438429,0.289880995,5.503770361,3.72E-08,2.27E-06,,ENSMUSG00000020914
ENSMUSG00000046337_Fam178b,111.7022796,1.277505822,0.232238347,5.50083928,3.78E-08,2.30E-06,,ENSMUSG00000046337
ENSMUSG00000021190_Lgmn,2317.776307,0.724394794,0.132044955,5.485971002,4.11E-08,2.49E-06,,ENSMUSG00000021190
ENSMUSG00000041782_Lad1,460.0236612,1.886346506,0.343902491,5.485120215,4.13E-08,2.49E-06,,ENSMUSG00000041782
ENSMUSG00000037129_Tmprss13,525.1169789,1.147793937,0.209345546,5.482772196,4.19E-08,2.51E-06,,ENSMUSG00000037129
ENSMUSG00000020183_Cpm,333.9976137,2.019679404,0.368488431,5.480984564,4.23E-08,2.52E-06,,ENSMUSG00000020183
ENSMUSG00000051397_Tacstd2,1377.645908,1.447116823,0.264003634,5.481427674,4.22E-08,2.52E-06,,ENSMUSG00000051397
ENSMUSG00000033149_Phldb2,1129.692912,1.39336263,0.254305758,5.479084085,4.28E-08,2.54E-06,,ENSMUSG00000033149
ENSMUSG00000028047_Thbs3,1084.98961,1.573933204,0.288139334,5.462403135,4.70E-08,2.76E-06,,ENSMUSG00000028047
ENSMUSG00000028270_Gbp2,666.0688027,0.851996815,0.15639002,5.447897605,5.10E-08,2.98E-06,,ENSMUSG00000028270
ENSMUSG00000048706_Lurap1l,371.69078,1.052134167,0.193150162,5.447234207,5.12E-08,2.98E-06,,ENSMUSG00000048706
ENSMUSG00000033147_Slc22a15,203.9490941,1.108080547,0.203662354,5.440772553,5.31E-08,3.06E-06,,ENSMUSG00000033147
ENSMUSG00000036905_C1qb,1930.271868,1.357675173,0.250097752,5.428578074,5.68E-08,3.26E-06,,ENSMUSG00000036905
ENSMUSG00000062127_Cttnbp2nl,785.370428,0.834892779,0.154551085,5.402050594,6.59E-08,3.77E-06,,ENSMUSG00000062127
ENSMUSG00000059498_Fcgr3,527.6256345,1.213820734,0.224747683,5.400815337,6.63E-08,3.78E-06,,ENSMUSG00000059498
ENSMUSG00000029076_Sdf4,5892.272987,0.583565759,0.108098673,5.398454424,6.72E-08,3.82E-06,,ENSMUSG00000029076
ENSMUSG00000003418_St8sia6,616.0110442,1.911565607,0.354295969,5.395391914,6.84E-08,3.88E-06,,ENSMUSG00000003418
ENSMUSG00000029413_Naaa,1006.386221,0.877810561,0.162727304,5.394365541,6.88E-08,3.89E-06,,ENSMUSG00000029413
ENSMUSG00000041959_S100a10,2117.017336,1.154590707,0.214121302,5.392227181,6.96E-08,3.92E-06,,ENSMUSG00000041959
ENSMUSG00000025534_Gusb,1084.732618,0.722170565,0.134453751,5.371144777,7.82E-08,4.33E-06,,ENSMUSG00000025534
ENSMUSG00000032374_Plod2,944.2395378,0.724067398,0.135632107,5.338466033,9.37E-08,5.12E-06,,ENSMUSG00000032374
ENSMUSG00000074141_Il4i1,147.0555147,1.901452897,0.356205449,5.338079192,9.39E-08,5.12E-06,,ENSMUSG00000074141
ENSMUSG00000024608_Rps14,5454.858396,1.025656986,0.192255443,5.334865802,9.56E-08,5.19E-06,,ENSMUSG00000024608
ENSMUSG00000098557_Kctd12,3105.939474,1.170175775,0.219506636,5.330935758,9.77E-08,5.29E-06,,ENSMUSG00000098557
ENSMUSG00000027533_Fabp5,1133.975293,3.16119252,0.593407062,5.327190597,9.97E-08,5.37E-06,,ENSMUSG00000027533
ENSMUSG00000071713_Csf2rb,337.144347,1.566818939,0.294387448,5.322302115,1.02E-07,5.50E-06,,ENSMUSG00000071713
ENSMUSG00000022514_Il1rap,585.5494993,0.858251452,0.16143769,5.316301632,1.06E-07,5.65E-06,,ENSMUSG00000022514
ENSMUSG00000026413_Pkp1,641.5140516,5.567074826,1.047918309,5.312508409,1.08E-07,5.76E-06,,ENSMUSG00000026413
ENSMUSG00000034634_Ly6d,240.7598899,5.461349342,1.028546454,5.309774119,1.10E-07,5.83E-06,,ENSMUSG00000034634
ENSMUSG00000020000_Moxd1,3740.747715,1.977233307,0.372629526,5.30616382,1.12E-07,5.92E-06,,ENSMUSG00000020000
ENSMUSG00000026656_Fcgr2b,535.7814519,1.175766681,0.222012323,5.295952332,1.18E-07,6.23E-06,,ENSMUSG00000026656
ENSMUSG00000024672_Ms4a7,304.9215432,1.263998239,0.238800167,5.293121264,1.20E-07,6.31E-06,,ENSMUSG00000024672
ENSMUSG00000024679_Ms4a6d,140.7623686,1.922531595,0.363805288,5.284507007,1.26E-07,6.59E-06,,ENSMUSG00000024679
ENSMUSG00000037185_Krt80,828.2240008,1.560313395,0.295586897,5.278696083,1.30E-07,6.77E-06,,ENSMUSG00000037185
ENSMUSG00000030921_Trim30a,308.9506835,1.050897917,0.19910375,5.27814226,1.31E-07,6.77E-06,,ENSMUSG00000030921
ENSMUSG00000041219_Arhgap11a,400.959104,1.129638192,0.214301118,5.271265975,1.35E-07,7.01E-06,,ENSMUSG00000041219
ENSMUSG00000026421_Csrp1,12724.8832,0.964211661,0.183128754,5.265211719,1.40E-07,7.20E-06,,ENSMUSG00000026421
ENSMUSG00000026639_Lamb3,3781.766753,0.855097847,0.162389643,5.265716667,1.40E-07,7.20E-06,,ENSMUSG00000026639
ENSMUSG00000028633_Ctps,832.5538604,0.881533344,0.167487744,5.263270745,1.42E-07,7.24E-06,,ENSMUSG00000028633
ENSMUSG00000035914_Cd276,366.336242,1.154446431,0.219322305,5.263698229,1.41E-07,7.24E-06,,ENSMUSG00000035914
ENSMUSG00000037499_Nenf,1007.046133,0.835797582,0.160281245,5.214568826,1.84E-07,9.35E-06,,ENSMUSG00000037499
ENSMUSG00000006519_Cyba,1627.671321,0.946892455,0.182385979,5.191695435,2.08E-07,1.05E-05,,ENSMUSG00000006519
ENSMUSG00000022900_Ildr1,1274.893617,0.710961516,0.137387776,5.17485279,2.28E-07,1.14E-05,,ENSMUSG00000022900
ENSMUSG00000112148_Lilrb4a,538.5314078,1.203017045,0.23278042,5.168033653,2.37E-07,1.18E-05,,ENSMUSG00000112148
ENSMUSG00000041984_Rptn,2097.969572,12.0416025,2.334206566,5.158756161,2.49E-07,1.23E-05,,ENSMUSG00000041984
ENSMUSG00000037419_Endod1,1156.037067,0.814461171,0.158340071,5.143746415,2.69E-07,1.33E-05,,ENSMUSG00000037419
ENSMUSG00000032359_Ctsh,3810.540483,0.641225903,0.124919809,5.133100246,2.85E-07,1.39E-05,,ENSMUSG00000032359
ENSMUSG00000014158_Trpv4,1943.462269,1.159524405,0.226446959,5.120512142,3.05E-07,1.47E-05,,ENSMUSG00000014158
ENSMUSG00000069792_Wfdc17,127.5275327,1.866847209,0.36554079,5.107083149,3.27E-07,1.57E-05,,ENSMUSG00000069792
ENSMUSG00000021319_Sfrp4,332.6098841,1.551816191,0.305602812,5.077885839,3.82E-07,1.81E-05,,ENSMUSG00000021319
ENSMUSG00000045629_Sh3tc2,377.9462768,0.950391782,0.187228252,5.076113089,3.85E-07,1.82E-05,,ENSMUSG00000045629
ENSMUSG00000022488_Nckap1l,535.2649726,0.885344964,0.174469836,5.074487276,3.89E-07,1.83E-05,,ENSMUSG00000022488
ENSMUSG00000038900_Rpl12,4952.7455,0.702471878,0.138456572,5.07359,3.90E-07,1.83E-05,,ENSMUSG00000038900
ENSMUSG00000015340_Cybb,725.0202716,1.089399924,0.215172012,5.062925758,4.13E-07,1.91E-05,,ENSMUSG00000015340
ENSMUSG00000038179_Slamf7,160.2301863,1.34841256,0.266293316,5.063636517,4.11E-07,1.91E-05,,ENSMUSG00000038179
ENSMUSG00000054720_Lrrc8c,531.7674509,0.97438885,0.192440269,5.063331378,4.12E-07,1.91E-05,,ENSMUSG00000054720
ENSMUSG00000062345_Serpinb2,111.1126485,5.176175963,1.022412983,5.062705626,4.13E-07,1.91E-05,,ENSMUSG00000062345
ENSMUSG00000021108_Prkch,417.5609093,0.865473068,0.171332955,5.051410382,4.39E-07,2.02E-05,,ENSMUSG00000021108
ENSMUSG00000045594_Glb1,1929.406247,1.024052774,0.20317503,5.040249155,4.65E-07,2.12E-05,,ENSMUSG00000045594
ENSMUSG00000060459_Kng2,247.9527315,1.507450483,0.299040648,5.040955111,4.63E-07,2.12E-05,,ENSMUSG00000060459
ENSMUSG00000026480_Ncf2,229.532361,1.324698072,0.263117523,5.034625054,4.79E-07,2.17E-05,,ENSMUSG00000026480
ENSMUSG00000032353_Tmed3,3279.406128,0.987684423,0.196161426,5.035059346,4.78E-07,2.17E-05,,ENSMUSG00000032353
ENSMUSG00000028312_Smc2,157.3964245,0.953663847,0.189577871,5.030459739,4.89E-07,2.20E-05,,ENSMUSG00000028312
ENSMUSG00000028885_Smpdl3b,141.2551162,1.735829195,0.345075311,5.030290894,4.90E-07,2.20E-05,,ENSMUSG00000028885
ENSMUSG00000001750_Tcirg1,728.1762793,0.737815816,0.146696763,5.029530298,4.92E-07,2.21E-05,,ENSMUSG00000001750
ENSMUSG00000030744_Rps3,7152.532204,0.654680916,0.130220351,5.027485407,4.97E-07,2.22E-05,,ENSMUSG00000030744
ENSMUSG00000041736_Tspo,1603.293282,0.815017722,0.16217511,5.025541344,5.02E-07,2.24E-05,,ENSMUSG00000041736
ENSMUSG00000061928_Dsg1b,138.6948531,9.953780626,1.98919131,5.003933295,5.62E-07,2.49E-05,,ENSMUSG00000061928
ENSMUSG00000028832_Stmn1,469.0910898,1.065289607,0.213580693,4.987761719,6.11E-07,2.68E-05,,ENSMUSG00000028832
ENSMUSG00000033765_Calm4,612.8397816,12.09570365,2.432456471,4.972629026,6.61E-07,2.89E-05,,ENSMUSG00000033765
ENSMUSG00000068245_Phf11d,244.9050509,0.86693222,0.174478987,4.968691278,6.74E-07,2.93E-05,,ENSMUSG00000068245
ENSMUSG00000025498_Irf7,291.9004224,1.066716533,0.214714495,4.968069494,6.76E-07,2.94E-05,,ENSMUSG00000025498
ENSMUSG00000042306_S100a14,538.3446838,3.219999357,0.649514811,4.957545697,7.14E-07,3.08E-05,,ENSMUSG00000042306
ENSMUSG00000009687_Fxyd5,755.5090526,0.97826118,0.197450154,4.95447159,7.25E-07,3.13E-05,,ENSMUSG00000009687
ENSMUSG00000030559_Rab38,131.5029666,0.97103793,0.196976023,4.929726558,8.23E-07,3.52E-05,,ENSMUSG00000030559
ENSMUSG00000056888_Glipr1,121.9058528,1.236279776,0.250847337,4.928414987,8.29E-07,3.53E-05,,ENSMUSG00000056888
ENSMUSG00000033538_Casp4,113.9214502,1.651850593,0.335693151,4.920715799,8.62E-07,3.66E-05,,ENSMUSG00000033538
ENSMUSG00000028581_Laptm5,943.2981758,0.873566742,0.17754912,4.920141216,8.65E-07,3.66E-05,,ENSMUSG00000028581
ENSMUSG00000020057_Dram1,1289.060424,0.767754839,0.156138612,4.91713632,8.78E-07,3.71E-05,,ENSMUSG00000020057
ENSMUSG00000018654_Ikzf1,292.8766395,1.061338624,0.21653986,4.901354543,9.52E-07,3.98E-05,,ENSMUSG00000018654
ENSMUSG00000054065_Pkp3,802.7818975,0.971341704,0.198270055,4.899084252,9.63E-07,4.02E-05,,ENSMUSG00000054065
ENSMUSG00000021594_Srd5a1,376.1539981,1.756669808,0.35868627,4.897510593,9.71E-07,4.04E-05,,ENSMUSG00000021594
ENSMUSG00000028544_Slc5a9,276.622702,1.563190363,0.319414014,4.893931678,9.88E-07,4.10E-05,,ENSMUSG00000028544
ENSMUSG00000115388_Eppk1,342.3523983,1.229072101,0.251138485,4.894001419,9.88E-07,4.10E-05,,ENSMUSG00000115388
ENSMUSG00000014599_Csf1,893.2886971,0.808521914,0.165269364,4.892146354,9.97E-07,4.13E-05,,ENSMUSG00000014599
ENSMUSG00000021822_Plau,516.3154526,0.952846343,0.194963308,4.887311125,1.02E-06,4.19E-05,,ENSMUSG00000021822
ENSMUSG00000029925_Tbxas1,175.8096842,1.193998492,0.244625841,4.880917261,1.06E-06,4.28E-05,,ENSMUSG00000029925
ENSMUSG00000092586_Ly6g6c,152.8975213,5.208180662,1.067079732,4.880779297,1.06E-06,4.28E-05,,ENSMUSG00000092586
ENSMUSG00000024338_Psmb8,726.8572016,0.824226125,0.169096743,4.874287399,1.09E-06,4.40E-05,,ENSMUSG00000024338
ENSMUSG00000072949_Acot1,854.3887395,0.921087614,0.189205818,4.868178067,1.13E-06,4.52E-05,,ENSMUSG00000072949
ENSMUSG00000004655_Aqp1,3643.478698,1.102053695,0.227146634,4.85172804,1.22E-06,4.88E-05,,ENSMUSG00000004655
ENSMUSG00000036887_C1qa,2104.87238,1.035938755,0.213509155,4.851964112,1.22E-06,4.88E-05,,ENSMUSG00000036887
ENSMUSG00000102758_Naaladl2,214.8868303,1.473859132,0.303937354,4.849220113,1.24E-06,4.92E-05,,ENSMUSG00000102758
ENSMUSG00000030208_Emp1,2234.276883,0.790235841,0.163072185,4.8459266,1.26E-06,4.99E-05,,ENSMUSG00000030208
ENSMUSG00000022512_Cldn1,278.4566969,1.314551166,0.271332362,4.844800513,1.27E-06,5.00E-05,,ENSMUSG00000022512
ENSMUSG00000067995_Gtf2f2,673.2308079,1.065025164,0.22049423,4.830172492,1.36E-06,5.35E-05,,ENSMUSG00000067995
ENSMUSG00000000594_Gm2a,2131.79971,1.007330292,0.208585076,4.829349783,1.37E-06,5.36E-05,,ENSMUSG00000000594
ENSMUSG00000031283_Chrdl1,417.6571484,0.995580732,0.206394936,4.82366841,1.41E-06,5.49E-05,,ENSMUSG00000031283
ENSMUSG00000044041_Krt13,11265.95809,10.78458195,2.238351067,4.818092261,1.45E-06,5.60E-05,,ENSMUSG00000044041
ENSMUSG00000052146_Rps10,3318.662028,0.670822289,0.139543653,4.807257605,1.53E-06,5.90E-05,,ENSMUSG00000052146
ENSMUSG00000057454_Lypd3,232.7053203,5.769032928,1.200694852,4.804745284,1.55E-06,5.94E-05,,ENSMUSG00000057454
ENSMUSG00000022500_Litaf,837.6764167,0.79004171,0.164743896,4.795575004,1.62E-06,6.15E-05,,ENSMUSG00000022500
ENSMUSG00000003283_Hck,141.4458073,1.370459909,0.286359461,4.785802797,1.70E-06,6.43E-05,,ENSMUSG00000003283
ENSMUSG00000030693_Klk10,338.0352266,5.960466373,1.246114969,4.783239524,1.72E-06,6.50E-05,,ENSMUSG00000030693
ENSMUSG00000026981_Il1rn,259.8119462,2.36011143,0.494097976,4.776606147,1.78E-06,6.69E-05,,ENSMUSG00000026981
ENSMUSG00000029344_Tpst2,562.9406596,0.585419496,0.122673403,4.772179458,1.82E-06,6.80E-05,,ENSMUSG00000029344
ENSMUSG00000037060_Cavin3,476.7956728,1.017945065,0.213309166,4.772158111,1.82E-06,6.80E-05,,ENSMUSG00000037060
ENSMUSG00000069833_Ahnak,10577.6897,0.919757434,0.192816277,4.770123393,1.84E-06,6.86E-05,,ENSMUSG00000069833
ENSMUSG00000027864_Ptgfrn,1438.895745,0.721713833,0.151518787,4.763197018,1.91E-06,7.07E-05,,ENSMUSG00000027864
ENSMUSG00000043681_Fam25c,226.5721385,7.659229026,1.608821945,4.760768617,1.93E-06,7.14E-05,,ENSMUSG00000043681
ENSMUSG00000017466_Timp2,6376.824396,0.761870728,0.160432654,4.748850739,2.05E-06,7.54E-05,,ENSMUSG00000017466
ENSMUSG00000035713_Usp35,251.9197772,1.042679112,0.219635654,4.747312613,2.06E-06,7.59E-05,,ENSMUSG00000035713
ENSMUSG00000026365_Cfh,2982.041332,0.730624723,0.154225813,4.737369894,2.17E-06,7.92E-05,,ENSMUSG00000026365
ENSMUSG00000017760_Ctsa,6849.482722,0.757521048,0.160028744,4.733656148,2.21E-06,8.05E-05,,ENSMUSG00000017760
ENSMUSG00000039145_Camk1d,1469.795587,1.030491796,0.217867293,4.729905911,2.25E-06,8.18E-05,,ENSMUSG00000039145
ENSMUSG00000017697_Ada,693.9584195,5.757284228,1.219076859,4.722658942,2.33E-06,8.45E-05,,ENSMUSG00000017697
ENSMUSG00000074227_Spint2,5913.682627,0.730375151,0.155154222,4.707413957,2.51E-06,9.07E-05,,ENSMUSG00000074227
ENSMUSG00000076441_Ass1,278.2005931,1.033753147,0.21984026,4.702292227,2.57E-06,9.26E-05,,ENSMUSG00000076441
ENSMUSG00000000958_Slc7a7,291.2266906,1.178616342,0.251027728,4.69516397,2.66E-06,9.55E-05,,ENSMUSG00000000958
ENSMUSG00000036896_C1qc,1788.456473,1.005154284,0.214247049,4.691566523,2.71E-06,9.70E-05,,ENSMUSG00000036896
ENSMUSG00000074457_S100a16,1638.239954,1.134593454,0.242032167,4.687779599,2.76E-06,9.87E-05,,ENSMUSG00000074457
ENSMUSG00000042228_Lyn,1109.590854,0.823701225,0.175855202,4.68397419,2.81E-06,0.00010013,,ENSMUSG00000042228
ENSMUSG00000030786_Itgam,458.0615996,1.193346218,0.254979059,4.680173429,2.87E-06,0.000101807,,ENSMUSG00000030786
ENSMUSG00000035960_Apex1,458.3040086,0.606931044,0.129795786,4.676045837,2.92E-06,0.000103676,,ENSMUSG00000035960
ENSMUSG00000047215_Rpl9,5027.361423,0.667595045,0.142906595,4.671548178,2.99E-06,0.000105589,,ENSMUSG00000047215
ENSMUSG00000028249_Sdcbp,4674.934427,0.607703121,0.130273336,4.664831198,3.09E-06,0.000108864,,ENSMUSG00000028249
ENSMUSG00000079641_Rpl39,1741.987792,0.792407336,0.170166225,4.656666361,3.21E-06,0.000112553,,ENSMUSG00000079641
ENSMUSG00000069441_Dsg1a,159.3651314,8.220200633,1.768092344,4.649191916,3.33E-06,0.000116336,,ENSMUSG00000069441
ENSMUSG00000062328_Rpl17,5003.980433,0.598464903,0.128758217,4.647974443,3.35E-06,0.000116802,,ENSMUSG00000062328
ENSMUSG00000028048_Gba,1485.669184,0.747396215,0.160995571,4.642340232,3.44E-06,0.000119806,,ENSMUSG00000028048
ENSMUSG00000067212_H2-T23,1588.859365,0.710613695,0.153397485,4.632498979,3.61E-06,0.000125173,,ENSMUSG00000067212
ENSMUSG00000063457_Rps15,4119.316906,0.686085161,0.148402097,4.623150043,3.78E-06,0.000130704,,ENSMUSG00000063457
ENSMUSG00000059070_Rpl18,3988.568875,0.777561137,0.168255886,4.621301251,3.81E-06,0.000131627,,ENSMUSG00000059070
ENSMUSG00000028063_Lmna,2502.747771,0.855771931,0.185512606,4.613012289,3.97E-06,0.000136732,,ENSMUSG00000028063
ENSMUSG00000020372_Rack1,6815.940455,0.596235495,0.130015863,4.585867306,4.52E-06,0.000153741,,ENSMUSG00000020372
ENSMUSG00000025321_Itgb8,782.9507726,1.410071329,0.307469633,4.586050713,4.52E-06,0.000153741,,ENSMUSG00000025321
ENSMUSG00000064267_Hvcn1,279.2642649,1.081148777,0.235854059,4.583973591,4.56E-06,0.000154854,,ENSMUSG00000064267
ENSMUSG00000058672_Tubb2a,724.9879192,0.855805295,0.186715015,4.58348406,4.57E-06,0.000154931,,ENSMUSG00000058672
ENSMUSG00000053522_Lgals7,281.6102282,9.701604419,2.118416102,4.579650056,4.66E-06,0.000157218,,ENSMUSG00000053522
ENSMUSG00000024846_Cst6,418.6229078,1.374166618,0.300322057,4.575643331,4.75E-06,0.000159963,,ENSMUSG00000024846
ENSMUSG00000047719_Ubiad1,339.0879585,0.660363116,0.144449442,4.571586486,4.84E-06,0.000162794,,ENSMUSG00000047719
ENSMUSG00000037805_Rpl10a,3611.548018,0.673235029,0.147324027,4.56975717,4.88E-06,0.000163921,,ENSMUSG00000037805
ENSMUSG00000027447_Cst3,11320.09744,0.664909803,0.145670893,4.564465752,5.01E-06,0.000167497,,ENSMUSG00000027447
ENSMUSG00000020673_Tpo,25423.70932,0.951293087,0.208506905,4.562405664,5.06E-06,0.000168842,,ENSMUSG00000020673
ENSMUSG00000058056_Palld,1421.455005,0.765325635,0.167865566,4.55915798,5.14E-06,0.000171163,,ENSMUSG00000058056
ENSMUSG00000027469_Tpx2,101.9130984,1.310857943,0.287803848,4.554692213,5.25E-06,0.000174207,,ENSMUSG00000027469
ENSMUSG00000045539_Sprr3,1197.342579,12.16240127,2.672824647,4.550392516,5.35E-06,0.000177165,,ENSMUSG00000045539
ENSMUSG00000031304_Il2rg,260.2495484,0.787274839,0.173035905,4.549777351,5.37E-06,0.000177364,,ENSMUSG00000031304
ENSMUSG00000049103_Ccr2,648.5688701,0.901001291,0.198071068,4.54887884,5.39E-06,0.000177803,,ENSMUSG00000049103
ENSMUSG00000095115_Itpripl2,1647.996306,0.809379911,0.178219055,4.541489195,5.59E-06,0.000182839,,ENSMUSG00000095115
ENSMUSG00000078670_Fam174b,3845.64811,0.812023252,0.178820091,4.54100682,5.60E-06,0.000182931,,ENSMUSG00000078670
ENSMUSG00000025324_Atp10a,473.112407,1.350805964,0.297835511,4.535409362,5.75E-06,0.000187515,,ENSMUSG00000025324
ENSMUSG00000001020_S100a4,448.7047616,1.373688704,0.303358748,4.528264686,5.95E-06,0.000192601,,ENSMUSG00000001020
ENSMUSG00000015950_Ncf1,391.8377862,1.137897759,0.251357262,4.527013667,5.98E-06,0.000193403,,ENSMUSG00000015950
ENSMUSG00000036095_Dgkb,274.4491758,1.089731726,0.241012442,4.521474974,6.14E-06,0.000197491,,ENSMUSG00000036095
ENSMUSG00000038295_Atg9b,109.3750111,2.065271847,0.456732946,4.521836812,6.13E-06,0.000197491,,ENSMUSG00000038295
ENSMUSG00000048826_Dact2,333.6253094,0.878481561,0.194315766,4.520896984,6.16E-06,0.000197685,,ENSMUSG00000048826
ENSMUSG00000025355_Mmp19,442.9974966,1.462647388,0.32412473,4.512606582,6.40E-06,0.000204859,,ENSMUSG00000025355
ENSMUSG00000075602_Ly6a,1795.918617,0.841747667,0.186903808,4.503641069,6.68E-06,0.000212587,,ENSMUSG00000075602
ENSMUSG00000021242_Npc2,17177.5977,1.595578029,0.354472323,4.501276757,6.75E-06,0.000214594,,ENSMUSG00000021242
ENSMUSG00000070803_Cited4,894.6459281,0.983142108,0.218730653,4.494761451,6.96E-06,0.000220128,,ENSMUSG00000070803
ENSMUSG00000060550_H2-Q7,1068.628046,0.805103443,0.179154535,4.493904901,6.99E-06,0.000220636,,ENSMUSG00000060550
ENSMUSG00000063651_Cnfn,427.1877719,7.556258325,1.685015349,4.484385456,7.31E-06,0.000229127,,ENSMUSG00000063651
ENSMUSG00000040483_Xaf1,264.2300727,0.828763282,0.184861608,4.483155208,7.35E-06,0.000229686,,ENSMUSG00000040483
ENSMUSG00000059668_Krt4,13235.59577,7.494195482,1.680132963,4.460477622,8.18E-06,0.000251537,,ENSMUSG00000059668
ENSMUSG00000024308_Tapbp,4767.459034,0.700951541,0.157324548,4.45544925,8.37E-06,0.000257075,,ENSMUSG00000024308
ENSMUSG00000025351_Cd63,4634.117932,0.605372525,0.13603628,4.450081447,8.58E-06,0.000263145,,ENSMUSG00000025351
ENSMUSG00000033998_Kcnk1,7818.416905,0.661613636,0.148720072,4.448717832,8.64E-06,0.000263432,,ENSMUSG00000033998
ENSMUSG00000071714_Csf2rb2,198.9180095,1.52731335,0.343411788,4.447469195,8.69E-06,0.000264159,,ENSMUSG00000071714
ENSMUSG00000028776_Tinagl1,1803.777165,0.930645031,0.209559468,4.44095913,8.96E-06,0.000271381,,ENSMUSG00000028776
ENSMUSG00000061232_H2-K1,14586.92074,0.606665299,0.136836235,4.433513537,9.27E-06,0.000280005,,ENSMUSG00000061232
ENSMUSG00000060143_Gm10076,929.6768004,0.907897116,0.204842158,4.432179016,9.33E-06,0.000281281,,ENSMUSG00000060143
ENSMUSG00000031827_Cotl1,874.2525858,1.078480713,0.24382877,4.423106898,9.73E-06,0.000291491,,ENSMUSG00000031827
ENSMUSG00000052384_Nrros,258.4084431,0.927191383,0.209626036,4.423073578,9.73E-06,0.000291491,,ENSMUSG00000052384
ENSMUSG00000039518_Cdsn,348.5733865,1.936084057,0.437889394,4.421399746,9.81E-06,0.00029328,,ENSMUSG00000039518
ENSMUSG00000040952_Rps19,3548.335601,0.636090625,0.144118949,4.413650166,1.02E-05,0.000301467,,ENSMUSG00000040952
ENSMUSG00000039457_Ppl,4662.628304,1.473318045,0.334215703,4.408284923,1.04E-05,0.000306616,,ENSMUSG00000039457
ENSMUSG00000004885_Crabp2,124.1489628,4.886647436,1.109386165,4.404820963,1.06E-05,0.000311058,,ENSMUSG00000004885
ENSMUSG00000044811_Cd300c2,121.6275277,1.320090662,0.299894812,4.401845608,1.07E-05,0.00031435,,ENSMUSG00000044811
ENSMUSG00000005881_Ergic3,2574.854279,0.651011735,0.14798053,4.399306676,1.09E-05,0.000317543,,ENSMUSG00000005881
ENSMUSG00000017009_Sdc4,4720.286915,0.734338564,0.167169457,4.392779489,1.12E-05,0.000325676,,ENSMUSG00000017009
ENSMUSG00000030587_2200002D01Rik,115.0947312,1.614812964,0.368339381,4.384035614,1.17E-05,0.000337429,,ENSMUSG00000030587
ENSMUSG00000079523_Tmsb10,1079.23664,0.858950467,0.19592152,4.3841558,1.16E-05,0.000337429,,ENSMUSG00000079523
ENSMUSG00000024354_Slc23a1,1209.596219,0.587765235,0.134174628,4.380598972,1.18E-05,0.000342256,,ENSMUSG00000024354
ENSMUSG00000022123_Scel,196.7353694,4.490854514,1.026076963,4.376722876,1.20E-05,0.000347303,,ENSMUSG00000022123
ENSMUSG00000032383_Ppib,6626.660818,0.602266951,0.137971632,4.365150605,1.27E-05,0.000363356,,ENSMUSG00000032383
ENSMUSG00000034707_Gns,3772.177417,0.835540331,0.192064293,4.350315808,1.36E-05,0.000387023,,ENSMUSG00000034707
ENSMUSG00000027913_Crct1,343.8552461,10.42903612,2.408896369,4.329383468,1.50E-05,0.000420486,,ENSMUSG00000027913
ENSMUSG00000091956_C2cd4b,146.3890903,2.161951591,0.499413355,4.328982335,1.50E-05,0.000420608,,ENSMUSG00000091956
ENSMUSG00000003363_Pld3,2535.909955,0.659008588,0.152337853,4.325967399,1.52E-05,0.000425752,,ENSMUSG00000003363
ENSMUSG00000021703_Serinc5,1677.917404,0.825101561,0.19080282,4.32436775,1.53E-05,0.000428199,,ENSMUSG00000021703
ENSMUSG00000030484_Lypd5,216.4653395,9.997460196,2.313889527,4.320629865,1.56E-05,0.000433535,,ENSMUSG00000030484
ENSMUSG00000032122_Slc37a2,231.8302025,1.577344766,0.365251712,4.318514366,1.57E-05,0.000437048,,ENSMUSG00000032122
ENSMUSG00000036264_Fstl4,208.8362594,1.305972928,0.303323916,4.305538925,1.67E-05,0.00046207,,ENSMUSG00000036264
ENSMUSG00000056204_Pgpep1,1205.293978,0.615366807,0.143071008,4.301128631,1.70E-05,0.000469945,,ENSMUSG00000056204
ENSMUSG00000060063_Alox5ap,216.7802069,0.95389902,0.22191109,4.298563988,1.72E-05,0.000474699,,ENSMUSG00000060063
ENSMUSG00000027562_Car2,1206.72331,0.754178888,0.175922578,4.286993146,1.81E-05,0.000494893,,ENSMUSG00000027562
ENSMUSG00000022636_Alcam,3443.232039,0.932249659,0.217543876,4.28534086,1.82E-05,0.000497845,,ENSMUSG00000022636
ENSMUSG00000026395_Ptprc,729.9853233,0.802642666,0.187381889,4.283459134,1.84E-05,0.000501331,,ENSMUSG00000026395
ENSMUSG00000027875_Hmgcs2,1287.618577,1.697323684,0.396321356,4.282695495,1.85E-05,0.000501567,,ENSMUSG00000027875
ENSMUSG00000040102_Klhl42,254.1104976,0.832124826,0.19456902,4.276759084,1.90E-05,0.000513606,,ENSMUSG00000040102
ENSMUSG00000040659_Efhd2,914.4373657,1.051340677,0.2464842,4.265347145,2.00E-05,0.000538985,,ENSMUSG00000040659
ENSMUSG00000022090_Pdlim2,1311.660649,1.055265167,0.247530556,4.263171325,2.02E-05,0.000543464,,ENSMUSG00000022090
ENSMUSG00000036777_Anln,116.4481049,1.479169598,0.347059104,4.262010654,2.03E-05,0.000545494,,ENSMUSG00000036777
ENSMUSG00000002980_Bcam,24113.63933,0.675547473,0.158741488,4.255645341,2.08E-05,0.00055879,,ENSMUSG00000002980
ENSMUSG00000004864_Mapk13,616.5958011,0.814106116,0.191465673,4.251969054,2.12E-05,0.000566391,,ENSMUSG00000004864
ENSMUSG00000036256_Igfbp7,3058.161028,0.69884322,0.164378899,4.251416836,2.12E-05,0.000566964,,ENSMUSG00000036256
ENSMUSG00000059956_Serpinb12,564.4283476,4.812581581,1.133387502,4.246192561,2.17E-05,0.000578657,,ENSMUSG00000059956
ENSMUSG00000049130_C5ar1,143.5805214,1.250975454,0.294709633,4.244772865,2.19E-05,0.00058065,,ENSMUSG00000049130
ENSMUSG00000006724_Cyp27b1,465.7220607,1.641772515,0.387736582,4.234247141,2.29E-05,0.000605026,,ENSMUSG00000006724
ENSMUSG00000021831_Ero1l,1350.162035,0.731376092,0.173003877,4.22751274,2.36E-05,0.000621308,,ENSMUSG00000021831
ENSMUSG00000058818_Pirb,392.7291864,1.016152349,0.240378195,4.227306675,2.37E-05,0.000621308,,ENSMUSG00000058818
ENSMUSG00000019832_Rab32,246.2682168,0.710013979,0.16809832,4.223801752,2.40E-05,0.000629605,,ENSMUSG00000019832
ENSMUSG00000044737_Klk14,197.567977,8.058079834,1.907835548,4.223676324,2.40E-05,0.000629605,,ENSMUSG00000044737
ENSMUSG00000069808_Fam57a,698.1774208,3.134391897,0.742623224,4.220702766,2.44E-05,0.000633855,,ENSMUSG00000069808
ENSMUSG00000041324_Inhba,122.502618,1.345631622,0.319059388,4.217495778,2.47E-05,0.000640709,,ENSMUSG00000041324
ENSMUSG00000002014_Ssr4,1789.665684,0.601842916,0.143034467,4.207677545,2.58E-05,0.000666359,,ENSMUSG00000002014
ENSMUSG00000047810_Ccdc88b,164.3119841,0.990928566,0.235619124,4.20563725,2.60E-05,0.000669574,,ENSMUSG00000047810
ENSMUSG00000018008_Cyth4,601.5656635,0.803482136,0.191361039,4.198775983,2.68E-05,0.000687298,,ENSMUSG00000018008
ENSMUSG00000055407_Map6,214.585795,1.102208056,0.263337554,4.185533133,2.84E-05,0.000725587,,ENSMUSG00000055407
ENSMUSG00000025171_Ubtd1,408.9008755,0.845240109,0.202111206,4.18205464,2.89E-05,0.000735038,,ENSMUSG00000025171
ENSMUSG00000024965_Fermt3,237.9618396,0.862626934,0.2063986,4.179422402,2.92E-05,0.000741242,,ENSMUSG00000024965
ENSMUSG00000035818_Plekhs1,195.2064406,1.324433854,0.317702878,4.16878142,3.06E-05,0.000771378,,ENSMUSG00000035818
ENSMUSG00000008668_Rps18,3811.75889,0.63662031,0.152853008,4.164918425,3.11E-05,0.000782409,,ENSMUSG00000008668
ENSMUSG00000030707_Coro1a,594.8271059,1.108117759,0.267199141,4.147160632,3.37E-05,0.000835328,,ENSMUSG00000030707
ENSMUSG00000032807_Alox12b,261.0969856,7.146565632,1.724213578,4.144826211,3.40E-05,0.000841608,,ENSMUSG00000032807
ENSMUSG00000046056_Sbsn,1075.165229,3.736480316,0.902717128,4.139148577,3.49E-05,0.000860388,,ENSMUSG00000046056
ENSMUSG00000034438_Gbp8,223.0884165,1.305137325,0.315758316,4.133342684,3.58E-05,0.000880058,,ENSMUSG00000034438
ENSMUSG00000045136_Tubb2b,188.4366097,1.598878846,0.387503545,4.126101204,3.69E-05,0.00090407,,ENSMUSG00000045136
ENSMUSG00000046694_Tent5b,256.3561828,1.34718482,0.326517132,4.125923842,3.69E-05,0.00090407,,ENSMUSG00000046694
ENSMUSG00000015852_Fcrls,429.1930699,0.836900701,0.203311603,4.11634501,3.85E-05,0.000938809,,ENSMUSG00000015852
ENSMUSG00000075296_Aldh3b2,111.0275044,2.859465459,0.694665693,4.116318812,3.85E-05,0.000938809,,ENSMUSG00000075296
ENSMUSG00000022382_Wnt7b,162.1502443,1.980480956,0.481870224,4.109988243,3.96E-05,0.000960228,,ENSMUSG00000022382
ENSMUSG00000059325_Hopx,419.7292303,1.824914737,0.444029988,4.109890746,3.96E-05,0.000960228,,ENSMUSG00000059325
ENSMUSG00000074129_Rpl13a,5768.770123,0.830040934,0.201999721,4.109119203,3.97E-05,0.00096217,,ENSMUSG00000074129
ENSMUSG00000072620_Slfn2,437.250728,0.821255983,0.200098883,4.10425071,4.06E-05,0.000980071,,ENSMUSG00000072620
ENSMUSG00000048163_Selplg,375.2248514,0.903682166,0.220387484,4.100424175,4.12E-05,0.000994688,,ENSMUSG00000048163
ENSMUSG00000058624_Gda,561.6900166,1.084462388,0.264488936,4.100218348,4.13E-05,0.000994688,,ENSMUSG00000058624
ENSMUSG00000030220_Arhgdib,468.6623643,0.856721094,0.209223941,4.094756505,4.23E-05,0.001015763,,ENSMUSG00000030220
ENSMUSG00000061983_Rps12,4421.244302,0.697532475,0.170400215,4.093495289,4.25E-05,0.00101864,,ENSMUSG00000061983
ENSMUSG00000022831_Hcls1,347.8520729,0.808003303,0.197894251,4.083005433,4.45E-05,0.001062973,,ENSMUSG00000022831
ENSMUSG00000066842_Hmcn1,348.3248486,1.682767573,0.41226314,4.081780328,4.47E-05,0.001065818,,ENSMUSG00000066842
ENSMUSG00000000682_Cd52,365.512999,1.076594022,0.26391523,4.079317516,4.52E-05,0.001075774,,ENSMUSG00000000682
ENSMUSG00000110386_Gm42031,100.2485442,1.162246882,0.286180135,4.061242346,4.88E-05,0.001148979,,ENSMUSG00000110386
ENSMUSG00000029149_Krtcap3,226.6710664,0.876695545,0.216084317,4.057191917,4.97E-05,0.001163293,,ENSMUSG00000029149
ENSMUSG00000040447_Spns2,1082.227409,1.038349785,0.256141952,4.053806019,5.04E-05,0.001177265,,ENSMUSG00000040447
ENSMUSG00000024164_C3,9877.965315,0.852259821,0.210420003,4.050279493,5.12E-05,0.00119363,,ENSMUSG00000024164
ENSMUSG00000001418_Glmp,2610.58105,0.584324725,0.144455208,4.045023596,5.23E-05,0.001216092,,ENSMUSG00000001418
ENSMUSG00000053414_Hunk,195.9004784,0.997144171,0.246625087,4.043157908,5.27E-05,0.001222718,,ENSMUSG00000053414
ENSMUSG00000050912_Tmem123,3162.97883,0.590837561,0.146474799,4.033714789,5.49E-05,0.00126651,,ENSMUSG00000050912
ENSMUSG00000094410_Gm38394,377.0992807,1.195066965,0.296530697,4.030162738,5.57E-05,0.001281056,,ENSMUSG00000094410
ENSMUSG00000034116_Vav1,159.9501617,0.965777988,0.239738262,4.028468301,5.61E-05,0.001287048,,ENSMUSG00000034116
ENSMUSG00000026315_Serpinb8,345.4174769,1.451887894,0.360906803,4.022888687,5.75E-05,0.00131629,,ENSMUSG00000026315
ENSMUSG00000026463_Atp2b4,1235.051093,0.716594412,0.178279513,4.019499503,5.83E-05,0.001332046,,ENSMUSG00000026463
ENSMUSG00000002020_Ltbp2,800.4389356,0.997173594,0.248538064,4.01215643,6.02E-05,0.001367376,,ENSMUSG00000002020
ENSMUSG00000008683_Rps15a,2930.033522,0.803736601,0.200390051,4.01086081,6.05E-05,0.001373202,,ENSMUSG00000008683
ENSMUSG00000028289_Epha7,444.5604626,0.961654032,0.2404427,3.999514357,6.35E-05,0.001433638,,ENSMUSG00000028289
ENSMUSG00000024300_Myo1f,278.6159073,1.03278254,0.258557368,3.994403824,6.49E-05,0.001461317,,ENSMUSG00000024300
ENSMUSG00000038503_Mesd,1677.275102,0.950492072,0.23853636,3.984684229,6.76E-05,0.0015127,,ENSMUSG00000038503
ENSMUSG00000056498_Tmem154,150.3898597,1.446802143,0.363110672,3.984466048,6.76E-05,0.0015127,,ENSMUSG00000056498
ENSMUSG00000032372_Plscr2,1135.632599,0.60838748,0.153083033,3.974231952,7.06E-05,0.001571577,,ENSMUSG00000032372
ENSMUSG00000026177_Slc11a1,229.664539,0.92864971,0.233737254,3.973049626,7.10E-05,0.00157749,,ENSMUSG00000026177
ENSMUSG00000028115_Bnipl,636.6774588,0.734434481,0.185161908,3.966444776,7.30E-05,0.001614012,,ENSMUSG00000028115
ENSMUSG00000029771_Irf5,338.7174266,0.825749509,0.208510739,3.960225329,7.49E-05,0.001648686,,ENSMUSG00000029771
ENSMUSG00000038811_Gngt2,135.7127631,1.02499997,0.258822018,3.960250276,7.49E-05,0.001648686,,ENSMUSG00000038811
ENSMUSG00000030170_Wnt5b,147.494395,1.015447064,0.256597987,3.957346177,7.58E-05,0.00166668,,ENSMUSG00000030170
ENSMUSG00000027078_Ube2l6,237.3933269,0.812436717,0.205376495,3.955840788,7.63E-05,0.001675205,,ENSMUSG00000027078
ENSMUSG00000030748_Il4ra,1574.457249,0.813977441,0.206053185,3.950326913,7.80E-05,0.001708142,,ENSMUSG00000030748
ENSMUSG00000060962_Dmkn,901.9476809,6.237409804,1.579660575,3.94857598,7.86E-05,0.00171659,,ENSMUSG00000060962
ENSMUSG00000025314_Ptprj,1322.496608,0.6900507,0.174786039,3.947973788,7.88E-05,0.001718869,,ENSMUSG00000025314
ENSMUSG00000044646_Zbtb7c,112.4545327,1.239721964,0.314047275,3.947564792,7.90E-05,0.001719765,,ENSMUSG00000044646
ENSMUSG00000007041_Clic1,2657.150795,0.672812629,0.170770569,3.939862897,8.15E-05,0.001769624,,ENSMUSG00000007041
ENSMUSG00000094686_Ccl21a,592.0809017,1.00311817,0.254869122,3.935816793,8.29E-05,0.001793349,,ENSMUSG00000094686
ENSMUSG00000034265_Zdhhc14,157.1863511,0.834969972,0.212206959,3.934696475,8.33E-05,0.0017975,,ENSMUSG00000034265
ENSMUSG00000040329_Il7,153.5909615,1.118779168,0.285644352,3.916685767,8.98E-05,0.001923608,,ENSMUSG00000040329
ENSMUSG00000018507_Trpv2,121.625211,1.020893972,0.261153732,3.909168608,9.26E-05,0.00197085,,ENSMUSG00000018507
ENSMUSG00000022871_Fetub,300.5165895,3.701740351,0.94694377,3.909144839,9.26E-05,0.00197085,,ENSMUSG00000022871
ENSMUSG00000001525_Tubb5,3325.297286,0.609051595,0.155903193,3.906601161,9.36E-05,0.001987099,,ENSMUSG00000001525
ENSMUSG00000054675_Tmem119,214.4317119,0.682640203,0.174795623,3.905362099,9.41E-05,0.001992701,,ENSMUSG00000054675
ENSMUSG00000073758_Sh3d21,342.9458869,0.767093188,0.196640951,3.900983913,9.58E-05,0.002022094,,ENSMUSG00000073758
ENSMUSG00000041120_Nbl1,1222.514255,0.888975541,0.227934013,3.900144294,9.61E-05,0.002022595,,ENSMUSG00000041120
ENSMUSG00000054051_Ercc6,582.0402567,0.866345252,0.222255812,3.897964444,9.70E-05,0.002035767,,ENSMUSG00000054051
ENSMUSG00000049775_Tmsb4x,10285.22817,0.798381978,0.205256399,3.889681313,0.000100376,0.002099321,,ENSMUSG00000049775
ENSMUSG00000045312_Lhfpl2,935.7548608,0.749697915,0.192799022,3.888494385,0.000100868,0.002104817,,ENSMUSG00000045312
ENSMUSG00000001435_Col18a1,3827.747157,0.793487649,0.204305819,3.883823054,0.000102827,0.002138401,,ENSMUSG00000001435
ENSMUSG00000027221_Chst1,160.8157673,1.000230913,0.258433751,3.870357134,0.000108676,0.00225239,,ENSMUSG00000027221
ENSMUSG00000030788_Rnf141,1079.949621,0.653603889,0.169472839,3.856688134,0.000114934,0.002366061,,ENSMUSG00000030788
ENSMUSG00000024349_Sting1,340.0077908,0.776447289,0.201417827,3.854908479,0.000115773,0.002378007,,ENSMUSG00000024349
ENSMUSG00000038402_Foxf2,225.503872,1.390353389,0.360645647,3.855178627,0.000115645,0.002378007,,ENSMUSG00000038402
ENSMUSG00000043091_Tuba1c,1661.902615,0.914495484,0.237772487,3.846094618,0.000120015,0.002462395,,ENSMUSG00000043091
ENSMUSG00000050212_Eva1b,469.9545217,0.62714346,0.163088677,3.845413859,0.000120349,0.002463736,,ENSMUSG00000050212
ENSMUSG00000029561_Oasl2,475.0908567,0.932862488,0.242886185,3.840739179,0.000122664,0.002505546,,ENSMUSG00000029561
ENSMUSG00000054520_Sh3bp2,221.0011492,0.938126245,0.245749021,3.817416001,0.000134857,0.002718302,,ENSMUSG00000054520
ENSMUSG00000030095_Tmem43,1804.796467,0.740143709,0.194033968,3.814505857,0.000136456,0.002732537,,ENSMUSG00000030095
ENSMUSG00000024644_Cndp2,1690.308956,0.592665742,0.155829411,3.803298346,0.000142782,0.002849902,,ENSMUSG00000024644
ENSMUSG00000037902_Sirpa,943.6284123,0.586088481,0.154447401,3.794744853,0.000147795,0.002940375,,ENSMUSG00000037902
ENSMUSG00000030047_Arhgap25,147.3716976,0.97897026,0.258275944,3.79040435,0.000150402,0.002972913,,ENSMUSG00000030047
ENSMUSG00000026479_Lamc2,3038.476964,0.701896183,0.185340915,3.787054697,0.000152444,0.003010023,,ENSMUSG00000026479
ENSMUSG00000032262_Elovl4,149.148915,4.021923266,1.063101532,3.783197694,0.000154826,0.003048193,,ENSMUSG00000032262
ENSMUSG00000045868_Gvin1,502.0563306,0.702332853,0.18564395,3.783225109,0.000154809,0.003048193,,ENSMUSG00000045868
ENSMUSG00000001507_Itga3,3239.780058,0.956231192,0.253006012,3.779480112,0.000157156,0.003089784,,ENSMUSG00000001507
ENSMUSG00000024413_Npc1,1058.968248,0.660894256,0.175070646,3.775014665,0.000159998,0.003132247,,ENSMUSG00000024413
ENSMUSG00000074896_Ifit3,338.5741388,0.977381069,0.259025085,3.773306619,0.000161098,0.003147068,,ENSMUSG00000074896
ENSMUSG00000055561_Spink5,276.4540916,4.423212157,1.173099446,3.77053469,0.000162898,0.003178851,,ENSMUSG00000055561
ENSMUSG00000048865_Arhgap30,334.7775862,0.678724035,0.180105163,3.768487379,0.00016424,0.00320163,,ENSMUSG00000048865
ENSMUSG00000049396_Gemin4,235.8824352,1.436112319,0.381639971,3.7630029,0.000167885,0.003265759,,ENSMUSG00000049396
ENSMUSG00000002111_Spi1,228.5928943,1.118748204,0.297701031,3.75795878,0.000171305,0.003318223,,ENSMUSG00000002111
ENSMUSG00000032006_Pdgfd,453.7765665,0.932698759,0.248483052,3.753570916,0.000174333,0.003369769,,ENSMUSG00000032006
ENSMUSG00000022391_Rangap1,1049.447133,0.657607455,0.175447375,3.748174942,0.000178126,0.003428645,,ENSMUSG00000022391
ENSMUSG00000072845_Tmprss11a,207.5385229,5.851805324,1.562146106,3.746003849,0.000179674,0.003454817,,ENSMUSG00000072845
ENSMUSG00000001128_Cfp,375.4532703,0.835339766,0.223426288,3.738771169,0.000184922,0.003544595,,ENSMUSG00000001128
ENSMUSG00000006356_Crip2,5483.912792,0.622239478,0.166754528,3.731469764,0.000190366,0.003622475,,ENSMUSG00000006356
ENSMUSG00000000732_Icosl,281.4627782,0.742144038,0.199187223,3.725861657,0.000194649,0.003684889,,ENSMUSG00000000732
ENSMUSG00000017204_Gsdma,207.5094033,6.213049932,1.669679874,3.721102486,0.000198355,0.003751175,,ENSMUSG00000017204
ENSMUSG00000001056_Nhp2,417.8342578,0.712443563,0.19151291,3.720081125,0.000199159,0.003758636,,ENSMUSG00000001056
ENSMUSG00000044456_Rin3,404.4035059,0.664418286,0.178656326,3.718974295,0.000200033,0.003771266,,ENSMUSG00000044456
ENSMUSG00000026288_Inpp5d,377.293652,0.765859286,0.20613541,3.715321339,0.000202946,0.003822247,,ENSMUSG00000026288
ENSMUSG00000044583_Tlr7,134.8341462,1.143898527,0.308784195,3.704524218,0.000211788,0.003960347,,ENSMUSG00000044583
ENSMUSG00000078920_Ifi47,176.9405706,0.872150638,0.235789985,3.698845127,0.000216583,0.004025413,,ENSMUSG00000078920
ENSMUSG00000037563_Rps16,2686.988105,0.607164263,0.164165323,3.698492789,0.000216884,0.004026928,,ENSMUSG00000037563
ENSMUSG00000061887_Ssbp3,627.8151877,0.81601638,0.220652807,3.698191695,0.000217141,0.004027634,,ENSMUSG00000061887
ENSMUSG00000063286_Gm8995,340.9075048,0.664331033,0.179744946,3.695965017,0.000219053,0.004050829,,ENSMUSG00000063286
ENSMUSG00000034595_Ppp1r18,407.1125877,0.625239684,0.169388368,3.691160682,0.000223233,0.004119828,,ENSMUSG00000034595
ENSMUSG00000070942_Il1rl2,220.1673685,0.899658169,0.244110597,3.685453153,0.000228296,0.004204815,,ENSMUSG00000070942
ENSMUSG00000068885_Lce3f,317.7661673,11.14688716,3.024802357,3.685162152,0.000228557,0.004205404,,ENSMUSG00000068885
ENSMUSG00000026458_Ppfia4,132.5050546,0.855096932,0.232540035,3.677203069,0.000235805,0.004320627,,ENSMUSG00000026458
ENSMUSG00000027907_S100a11,6656.194487,0.599651804,0.163241379,3.673405659,0.000239339,0.004373118,,ENSMUSG00000027907
ENSMUSG00000020736_Nt5c,423.0700342,0.694460864,0.18913089,3.67185321,0.000240798,0.004391036,,ENSMUSG00000020736
ENSMUSG00000096727_Psmb9,286.1463898,0.735691571,0.200579125,3.667837169,0.000244611,0.004425408,,ENSMUSG00000096727
ENSMUSG00000033467_Crlf2,140.7707899,0.817711607,0.223277566,3.662309746,0.000249951,0.004495453,,ENSMUSG00000033467
ENSMUSG00000029119_Man2b2,2057.267254,0.673805793,0.184025953,3.661471564,0.000250771,0.004501371,,ENSMUSG00000029119
ENSMUSG00000072674_Plac9b,600.0069355,1.361164113,0.372029762,3.658750595,0.000253448,0.004532233,,ENSMUSG00000072674
ENSMUSG00000038085_Cnbd2,157.081325,0.877610508,0.240099614,3.655193332,0.000256988,0.004581626,,ENSMUSG00000038085
ENSMUSG00000094800_Gm9780,407.0665895,1.301957686,0.356660832,3.650408372,0.000261824,0.00465525,,ENSMUSG00000094800
ENSMUSG00000064023_Klk8,103.300226,2.099981986,0.575506403,3.648928967,0.000263336,0.004676632,,ENSMUSG00000064023
ENSMUSG00000092060_Bend4,271.8549118,0.980838235,0.269168328,3.643958569,0.000268477,0.004754134,,ENSMUSG00000092060
ENSMUSG00000011884_Gltp,1676.986851,0.765412289,0.210180643,3.641687832,0.000270856,0.004782438,,ENSMUSG00000011884
ENSMUSG00000034641_Cd300ld,121.8404712,0.720603895,0.198149425,3.636669123,0.000276186,0.004862521,,ENSMUSG00000034641
ENSMUSG00000049625_Tifab,141.6678165,0.937405636,0.257862921,3.635286662,0.000277672,0.00488399,,ENSMUSG00000049625
ENSMUSG00000021477_Ctsl,14189.57652,0.79789269,0.219587761,3.633593633,0.000279501,0.004902078,,ENSMUSG00000021477
ENSMUSG00000059832_Kprp,282.3607336,10.9758833,3.024718741,3.628728565,0.000284821,0.004976365,,ENSMUSG00000059832
ENSMUSG00000020901_Pik3r5,162.4949016,1.0100079,0.278556485,3.625863886,0.000287997,0.005027081,,ENSMUSG00000020901
ENSMUSG00000041859_Mcm3,192.6450755,0.892813035,0.246333165,3.624412638,0.000289619,0.00505059,,ENSMUSG00000041859
ENSMUSG00000028370_Pappa,484.3390557,0.940410244,0.259737446,3.620618659,0.000293899,0.005110677,,ENSMUSG00000028370
ENSMUSG00000026205_Slc23a3,128.1591486,1.557532329,0.430762001,3.615760733,0.000299467,0.00517807,,ENSMUSG00000026205
ENSMUSG00000020962_Gtf2a1,1863.248198,0.929285992,0.257154996,3.613719376,0.000301836,0.00521412,,ENSMUSG00000020962
ENSMUSG00000036469_Marchf1,112.242559,0.901232555,0.249444059,3.612964606,0.000302716,0.005219507,,ENSMUSG00000036469
ENSMUSG00000024883_Rin1,122.3597816,1.087452211,0.301396284,3.608047841,0.00030851,0.005314411,,ENSMUSG00000024883
ENSMUSG00000034159_Mab21l4,237.1794237,1.21767827,0.337631125,3.606534407,0.000310314,0.005340479,,ENSMUSG00000034159
ENSMUSG00000027820_Mme,1118.368583,1.53904059,0.4271032,3.603439612,0.000314034,0.005394389,,ENSMUSG00000027820
ENSMUSG00000050953_Gja1,1598.106957,0.965055154,0.268680953,3.59182571,0.000328369,0.005593551,,ENSMUSG00000050953
ENSMUSG00000034573_Ptpn13,1354.191736,0.848464972,0.236607393,3.585961372,0.000335839,0.005694373,,ENSMUSG00000034573
ENSMUSG00000019997_Ccn2,8697.150532,1.185433702,0.330852261,3.582969922,0.00033971,0.005749392,,ENSMUSG00000019997
ENSMUSG00000022861_Dgkg,747.6811325,0.9463949,0.264417148,3.579173695,0.000344682,0.00580679,,ENSMUSG00000022861
ENSMUSG00000020689_Itgb3,133.2627655,0.905535855,0.25305973,3.578348293,0.000345772,0.005819817,,ENSMUSG00000020689
ENSMUSG00000019866_Crybg1,829.6056511,0.966873093,0.270385547,3.575905241,0.000349018,0.005858335,,ENSMUSG00000019866
ENSMUSG00000028152_Tspan5,410.324729,0.852190236,0.238412525,3.574435681,0.000350984,0.005885955,,ENSMUSG00000028152
ENSMUSG00000007892_Rplp1,5157.696599,0.59852883,0.16763206,3.570491397,0.000356312,0.005964412,,ENSMUSG00000007892
ENSMUSG00000032092_Mpzl2,1829.104938,0.592018771,0.165957774,3.567285564,0.000360698,0.006026846,,ENSMUSG00000032092
ENSMUSG00000027315_Spint1,2051.352715,0.583010459,0.163596164,3.563717168,0.00036564,0.006094287,,ENSMUSG00000027315
ENSMUSG00000054280_Prr14l,528.5524531,1.299845432,0.364775266,3.563414393,0.000366062,0.006094287,,ENSMUSG00000054280
ENSMUSG00000006517_Mvd,239.5387127,0.740353675,0.207852283,3.561922273,0.000368149,0.006117943,,ENSMUSG00000006517
ENSMUSG00000029304_Spp1,4178.546733,2.282494344,0.640957729,3.561068445,0.000369349,0.006132325,,ENSMUSG00000029304
ENSMUSG00000090733_Rps27,2934.070946,0.585574591,0.164517216,3.559351449,0.000371772,0.006161412,,ENSMUSG00000090733
ENSMUSG00000026450_Chit1,128.2954455,5.068606701,1.425812974,3.55488889,0.000378139,0.006250012,,ENSMUSG00000026450
ENSMUSG00000033880_Lgals3bp,1574.345688,0.580714634,0.163540838,3.550884553,0.000383939,0.006321415,,ENSMUSG00000033880
ENSMUSG00000031207_Msn,5330.158079,0.592978745,0.167063578,3.549419636,0.000386081,0.006347011,,ENSMUSG00000031207
ENSMUSG00000074825_Itpripl1,183.2866039,0.796816321,0.224800742,3.544544892,0.000393292,0.006447587,,ENSMUSG00000074825
ENSMUSG00000054046_Klk13,149.4465139,4.649426297,1.314043203,3.538259843,0.000402773,0.006571077,,ENSMUSG00000054046
ENSMUSG00000108878_Gm49493,165.9662863,1.204346082,0.340419925,3.537824888,0.000403438,0.00657349,,ENSMUSG00000108878
ENSMUSG00000039208_Metrnl,209.6625198,0.915878318,0.258998111,3.536235516,0.000405873,0.006595611,,ENSMUSG00000039208
ENSMUSG00000036985_Zdhhc9,822.5197444,0.612181467,0.173370188,3.531065362,0.000413889,0.006702162,,ENSMUSG00000036985
ENSMUSG00000059230_Defb4,229.9695555,10.68031994,3.024892962,3.530809213,0.00041429,0.006702745,,ENSMUSG00000059230
ENSMUSG00000052688_Rab7b,259.2256555,0.899703787,0.255129513,3.526459082,0.000421156,0.00680184,,ENSMUSG00000052688
ENSMUSG00000019823_Mical1,498.978845,1.052830186,0.299351165,3.517040552,0.000436387,0.006986379,,ENSMUSG00000019823
ENSMUSG00000054435_Gimap4,329.2990115,0.598506505,0.170194228,3.516608717,0.000437098,0.006991658,,ENSMUSG00000054435
ENSMUSG00000021423_Ly86,289.5074823,0.907362389,0.258090129,3.515680321,0.000438629,0.00700861,,ENSMUSG00000021423
ENSMUSG00000006411_Nectin4,563.3567473,0.780220018,0.222106322,3.512822189,0.000443374,0.007067429,,ENSMUSG00000006411
ENSMUSG00000008398_Elk3,856.3538066,0.611544015,0.174358318,3.507397995,0.000452512,0.007191316,,ENSMUSG00000008398
ENSMUSG00000024331_Dsc2,714.457359,0.992530944,0.283078323,3.506206109,0.000454543,0.007201704,,ENSMUSG00000024331
ENSMUSG00000040152_Thbs1,7184.448342,1.088129834,0.310433408,3.505195659,0.000456272,0.007222862,,ENSMUSG00000040152
ENSMUSG00000033207_Mamdc2,220.6706504,1.396040783,0.398315889,3.504858387,0.00045685,0.007225789,,ENSMUSG00000033207
ENSMUSG00000044258_Ctla2a,200.8991557,0.686918912,0.196230192,3.500577087,0.000464252,0.007323933,,ENSMUSG00000044258
ENSMUSG00000037679_Inf2,1261.120163,0.963517092,0.275701983,3.494777523,0.000474457,0.007452913,,ENSMUSG00000037679
ENSMUSG00000022899_Slc15a2,618.3697478,1.20102908,0.34389795,3.492399644,0.000478701,0.007492618,,ENSMUSG00000022899
ENSMUSG00000058715_Fcer1g,350.4463262,0.887738385,0.254693153,3.485521199,0.000491179,0.007649126,,ENSMUSG00000058715
ENSMUSG00000048120_Entpd1,685.0720622,0.608623801,0.174758739,3.482651596,0.000496474,0.007693462,,ENSMUSG00000048120
ENSMUSG00000030431_Tmem238,305.6593625,0.643094677,0.184731779,3.481234684,0.000499108,0.007727757,,ENSMUSG00000030431
ENSMUSG00000027377_Mall,486.5963045,0.77815973,0.223559356,3.480774602,0.000499966,0.00772801,,ENSMUSG00000027377
ENSMUSG00000079419_Ms4a6c,183.4115589,1.01497968,0.291862196,3.477598991,0.000505926,0.007795128,,ENSMUSG00000079419
ENSMUSG00000006154_Eps8l1,699.3716494,0.764461418,0.219860242,3.47703346,0.000506995,0.007803806,,ENSMUSG00000006154
ENSMUSG00000051675_Trim32,828.1596309,0.76621126,0.220396544,3.476512146,0.000507981,0.007805907,,ENSMUSG00000051675
ENSMUSG00000071637_Cebpd,521.1516305,1.119991959,0.323296785,3.464284241,0.000531644,0.008135449,,ENSMUSG00000071637
ENSMUSG00000038156_Spon1,3180.005469,1.174575269,0.339099033,3.463811906,0.000532579,0.008136226,,ENSMUSG00000038156
ENSMUSG00000022146_Osmr,554.1800272,0.837753963,0.242314278,3.457303336,0.00054561,0.008314558,,ENSMUSG00000022146
ENSMUSG00000030077_Chl1,142.5965161,2.265837755,0.655496812,3.456672428,0.000546889,0.008327136,,ENSMUSG00000030077
ENSMUSG00000055541_Lair1,171.8650256,0.986009528,0.285376536,3.455117724,0.000550053,0.008368364,,ENSMUSG00000055541
ENSMUSG00000056069_Otulinl,168.0397657,1.077518842,0.31218606,3.451527726,0.000557422,0.008466459,,ENSMUSG00000056069
ENSMUSG00000019102_Aldh3a1,1304.018229,4.864182009,1.409448126,3.451125246,0.000558254,0.008472088,,ENSMUSG00000019102
ENSMUSG00000020737_Jpt1,1287.477397,0.603824606,0.175141627,3.447636161,0.000565515,0.008566681,,ENSMUSG00000020737
ENSMUSG00000021306_Gpr137b,1477.178537,0.898480174,0.260633971,3.447287283,0.000566246,0.008566681,,ENSMUSG00000021306
ENSMUSG00000027134_Lpcat4,151.9817123,1.021426217,0.296505548,3.444880619,0.000571312,0.008620375,,ENSMUSG00000027134
ENSMUSG00000034684_Sema3f,1174.749367,0.760990189,0.221255066,3.439424929,0.000582951,0.008781573,,ENSMUSG00000034684
ENSMUSG00000070427_Il18bp,132.4463468,0.829299244,0.241238764,3.437669923,0.000586742,0.008824203,,ENSMUSG00000070427
ENSMUSG00000002699_Lcp2,146.0092336,0.816449899,0.237669332,3.43523454,0.000592041,0.008896606,,ENSMUSG00000002699
ENSMUSG00000041440_Gk5,248.2131979,1.123569906,0.327698452,3.428670168,0.000606546,0.009084835,,ENSMUSG00000041440
ENSMUSG00000031101_Sash3,118.3698982,0.837606745,0.244367721,3.427648883,0.000608832,0.009104225,,ENSMUSG00000031101
ENSMUSG00000039264_Gimap3,116.9328111,0.856592266,0.249967441,3.426815355,0.000610704,0.009124785,,ENSMUSG00000039264
ENSMUSG00000074433_Lce3e,182.3011747,10.34525324,3.024856836,3.420080287,0.000626027,0.009271003,,ENSMUSG00000074433
ENSMUSG00000052534_Pbx1,2004.622568,0.608709252,0.178220811,3.415477954,0.000636702,0.009413652,,ENSMUSG00000052534
ENSMUSG00000024998_Plce1,445.1313701,0.945131068,0.276855121,3.413811043,0.00064061,0.009441027,,ENSMUSG00000024998
ENSMUSG00000041991_Hrnr,179.5812827,10.32642021,3.024751642,3.413972926,0.000640229,0.009441027,,ENSMUSG00000041991
ENSMUSG00000037946_Fgd3,161.6595317,0.764380283,0.22419621,3.409425532,0.000650998,0.009563428,,ENSMUSG00000037946
ENSMUSG00000038007_Acer2,363.2754829,0.833135716,0.244639152,3.405569832,0.000660261,0.009669088,,ENSMUSG00000038007
ENSMUSG00000073433_Arhgdig,308.9388347,0.597295511,0.175390178,3.405524282,0.000660371,0.009669088,,ENSMUSG00000073433
ENSMUSG00000029378_Areg,138.7834992,2.062495227,0.605846111,3.40432197,0.000663285,0.009689663,,ENSMUSG00000029378
ENSMUSG00000042031_Lce3b,174.4596028,10.28188132,3.024876216,3.399108122,0.00067606,0.009860593,,ENSMUSG00000042031
ENSMUSG00000028040_Efna4,131.1980151,0.80085524,0.235796487,3.39638325,0.000682827,0.00992775,,ENSMUSG00000028040
ENSMUSG00000054325_Lce3a,173.0568025,10.27024265,3.024881778,3.395254229,0.000685649,0.00994516,,ENSMUSG00000054325
ENSMUSG00000032012_Nectin1,159.2669998,1.026368401,0.302393639,3.394146799,0.000688428,0.009977584,,ENSMUSG00000032012
ENSMUSG00000030830_Itgal,220.6397208,0.62037686,0.182961833,3.390744664,0.00069703,0.01006255,,ENSMUSG00000030830
ENSMUSG00000035498_Cdcp1,766.9944981,0.701572824,0.206929033,3.390403052,0.000697899,0.010067184,,ENSMUSG00000035498
ENSMUSG00000006390_Elovl1,1101.709029,0.702596168,0.207446825,3.386873565,0.00070694,0.010165647,,ENSMUSG00000006390
ENSMUSG00000027347_Rasgrp1,115.199577,0.988477109,0.292006309,3.385122443,0.000711465,0.010214725,,ENSMUSG00000027347
ENSMUSG00000023909_Paqr4,602.1324214,0.677954381,0.200311786,3.384495716,0.000713091,0.010215811,,ENSMUSG00000023909
ENSMUSG00000008140_Emc10,1590.562659,0.62407924,0.184681853,3.379212572,0.000726938,0.010396229,,ENSMUSG00000008140
ENSMUSG00000034282_Evpl,960.4250074,1.328726021,0.393486033,3.376806063,0.000733327,0.010479448,,ENSMUSG00000034282
ENSMUSG00000026928_Card9,101.1672911,0.821869389,0.243464928,3.375719839,0.000736228,0.010512724,,ENSMUSG00000026928
ENSMUSG00000054889_Dsp,4387.569647,0.820752236,0.243254138,3.37405251,0.000740702,0.01056839,,ENSMUSG00000054889
ENSMUSG00000028382_Ptbp3,2207.605116,0.690464854,0.204705394,3.372968538,0.000743624,0.010601845,,ENSMUSG00000028382
ENSMUSG00000044317_Gpr4,233.7328329,0.647486159,0.192081485,3.37089314,0.000749249,0.010673749,,ENSMUSG00000044317
ENSMUSG00000020331_Hcn2,288.5154579,0.766588022,0.227696988,3.366702518,0.000760727,0.010798428,,ENSMUSG00000020331
ENSMUSG00000015093_Clic3,1317.635153,0.757659116,0.225077689,3.366211552,0.000762082,0.01080264,,ENSMUSG00000015093
ENSMUSG00000024378_Stard4,209.7945497,0.768148903,0.228202041,3.366091298,0.000762415,0.01080264,,ENSMUSG00000024378
ENSMUSG00000034845_Plvap,2678.817514,0.690496976,0.205348038,3.362569142,0.000772208,0.01092454,,ENSMUSG00000034845
ENSMUSG00000030393_Zik1,124.1363105,0.857607873,0.25513247,3.361421902,0.000775423,0.01093632,,ENSMUSG00000030393
ENSMUSG00000019851_Perp,1741.970155,1.128889836,0.336130078,3.358490981,0.000783693,0.011036005,,ENSMUSG00000019851
ENSMUSG00000096145_Vkorc1,588.4568076,0.583832312,0.174326403,3.349075649,0.000810817,0.011322452,,ENSMUSG00000096145
ENSMUSG00000034652_Cd300a,112.5040122,0.882706838,0.264157349,3.341594854,0.000832985,0.011570433,,ENSMUSG00000034652
ENSMUSG00000026640_Plxna2,1278.162762,0.789023887,0.236144746,3.341272249,0.000833954,0.011575131,,ENSMUSG00000026640
ENSMUSG00000024371_C2,199.0271009,0.813419853,0.244167087,3.331406636,0.000864083,0.01193019,,ENSMUSG00000024371
ENSMUSG00000022360_Atad2,164.2047234,0.698068785,0.209601955,3.330449785,0.000867058,0.011962274,,ENSMUSG00000022360
ENSMUSG00000025289_Prdx4,656.4226251,0.64844902,0.194773804,3.329241444,0.000870829,0.011978299,,ENSMUSG00000025289
ENSMUSG00000024552_Slc14a2,1380.423289,0.708456912,0.212898428,3.327675636,0.000875738,0.012004552,,ENSMUSG00000024552
ENSMUSG00000020143_Dock2,311.5591551,0.658499778,0.197998415,3.325783075,0.000881705,0.012064644,,ENSMUSG00000020143
ENSMUSG00000068893_Sprr2a2,373.7975527,5.176606614,1.557090523,3.324538001,0.000885652,0.012097042,,ENSMUSG00000068893
ENSMUSG00000019979_Apaf1,244.4497472,0.683505538,0.205770816,3.321683566,0.000894761,0.012179761,,ENSMUSG00000019979
ENSMUSG00000075588_Hoxb2,224.613421,0.775590133,0.233521999,3.32127224,0.000896081,0.012188691,,ENSMUSG00000075588
ENSMUSG00000055612_Cdca7,652.1024375,0.841069348,0.253336266,3.319972144,0.000900264,0.01222748,,ENSMUSG00000055612
ENSMUSG00000035000_Dpp4,897.5587551,0.64561683,0.194641365,3.316955923,0.00091004,0.012341994,,ENSMUSG00000035000
ENSMUSG00000032491_Nradd,115.5915513,0.71999347,0.217257178,3.314014654,0.000919667,0.012444984,,ENSMUSG00000032491
ENSMUSG00000037788_Vopp1,487.910741,0.921090922,0.278472775,3.307651607,0.000940818,0.012665862,,ENSMUSG00000037788
ENSMUSG00000012405_Rpl15,4468.984941,0.601091702,0.181751039,3.307225669,0.00094225,0.012668941,,ENSMUSG00000012405
ENSMUSG00000040345_Arhgap9,128.2672762,0.903546606,0.273373688,3.305170339,0.000949187,0.012731862,,ENSMUSG00000040345
ENSMUSG00000001348_Acp5,509.4660143,0.843122138,0.256195213,3.290936347,0.000998545,0.013258339,,ENSMUSG00000001348
ENSMUSG00000051375_Pcdh1,1057.448108,0.715785892,0.217603693,3.289401397,0.001004007,0.013292419,,ENSMUSG00000051375
ENSMUSG00000075590_Nrbp2,3497.437762,0.583237919,0.17734217,3.288771751,0.001006256,0.01330999,,ENSMUSG00000075590
ENSMUSG00000027613_Eif6,816.5865645,0.678682303,0.20658951,3.285173105,0.001019197,0.013445058,,ENSMUSG00000027613
ENSMUSG00000071858_Gm94,151.3762396,9.878427853,3.024877312,3.265728436,0.001091829,0.014179106,,ENSMUSG00000071858
ENSMUSG00000003873_Bax,724.1053021,0.657042581,0.201378981,3.262716775,0.001103497,0.014310398,,ENSMUSG00000003873
ENSMUSG00000020656_Grhl1,531.6932935,0.984560232,0.302196897,3.258009076,0.001121968,0.014458036,,ENSMUSG00000020656
ENSMUSG00000032462_Pik3cb,457.3346531,0.6406181,0.196627544,3.258028281,0.001121892,0.014458036,,ENSMUSG00000032462
ENSMUSG00000026728_Vim,5092.746877,0.630568304,0.193586222,3.257299501,0.001124777,0.014484066,,ENSMUSG00000026728
ENSMUSG00000030034_Ino80b,275.893408,0.648122758,0.199119901,3.254937123,0.001134175,0.014574423,,ENSMUSG00000030034
ENSMUSG00000025019_Lcor,119.1904413,0.989654354,0.304483185,3.250275887,0.001152931,0.014759797,,ENSMUSG00000025019
ENSMUSG00000023039_Krt7,5026.701592,0.781401577,0.240640861,3.247169134,0.001165591,0.014884386,,ENSMUSG00000023039
ENSMUSG00000038677_Scube3,369.0861929,0.888587976,0.274167672,3.241038485,0.001190951,0.015061594,,ENSMUSG00000038677
ENSMUSG00000024925_Rnaseh2c,329.4643335,0.62133143,0.192174185,3.233168033,0.001224255,0.01541599,,ENSMUSG00000024925
ENSMUSG00000002257_Def6,117.7609725,0.601878416,0.186202687,3.232383096,0.001227624,0.015440309,,ENSMUSG00000002257
ENSMUSG00000027239_Mdk,100.3293898,1.048148278,0.324394236,3.231094026,0.001233174,0.015488897,,ENSMUSG00000027239
ENSMUSG00000025492_Ifitm3,1012.743405,0.756570188,0.234221578,3.230147258,0.001237265,0.015519052,,ENSMUSG00000025492
ENSMUSG00000005413_Hmox1,546.6915743,0.846773429,0.26219154,3.22959859,0.001239641,0.015531619,,ENSMUSG00000005413
ENSMUSG00000020892_Aloxe3,104.5551859,3.043217809,0.942383534,3.229277358,0.001241035,0.015534506,,ENSMUSG00000020892
ENSMUSG00000031838_Ifi30,523.405107,0.664662578,0.205924678,3.227697541,0.001247908,0.015582381,,ENSMUSG00000031838
ENSMUSG00000036672_Cenpt,310.1974998,0.635093863,0.1967692,3.227608101,0.001248299,0.015582381,,ENSMUSG00000036672
ENSMUSG00000027646_Src,936.8910011,0.589616406,0.182771534,3.225975039,0.001255443,0.015640231,,ENSMUSG00000027646
ENSMUSG00000053687_Dpep2,165.3013647,0.876385233,0.271962906,3.222443991,0.00127102,0.015802128,,ENSMUSG00000053687
ENSMUSG00000022094_Slc39a14,2657.319027,0.751326408,0.233228316,3.221420198,0.00127557,0.015847962,,ENSMUSG00000022094
ENSMUSG00000054477_Kcnn2,195.3905033,0.812942073,0.253060528,3.21244122,0.001316121,0.016318653,,ENSMUSG00000054477
ENSMUSG00000045475_Lce3c,164.1073526,9.045103053,2.824197557,3.202716124,0.001361381,0.016804814,,ENSMUSG00000045475
ENSMUSG00000053565_Eif3k,1536.497697,0.604046056,0.18877474,3.199824596,0.001375112,0.016935741,,ENSMUSG00000053565
ENSMUSG00000026627_Pacc1,214.580154,0.580594633,0.18182288,3.193187967,0.001407113,0.017260401,,ENSMUSG00000026627
ENSMUSG00000057609_Lce1a1,101.6552403,8.732635449,2.735407519,3.192444047,0.001410743,0.01729337,,ENSMUSG00000057609
ENSMUSG00000052151_Plpp2,1078.423379,0.640192888,0.200706861,3.189691096,0.001424249,0.017424045,,ENSMUSG00000052151
ENSMUSG00000039316_Rftn1,304.5681388,0.672033954,0.211237667,3.181411555,0.001465593,0.017870304,,ENSMUSG00000039316
ENSMUSG00000032011_Thy1,682.4883278,0.62848975,0.197874785,3.17619928,0.001492184,0.018146342,,ENSMUSG00000032011
ENSMUSG00000016239_Lonrf3,500.2327601,0.978159565,0.308936016,3.166220553,0.001544337,0.018657007,,ENSMUSG00000016239
ENSMUSG00000048612_Myof,3718.739993,0.583949528,0.18464909,3.162482556,0.001564301,0.018848596,,ENSMUSG00000048612
ENSMUSG00000035638_Muc20,352.4952998,1.188281094,0.375825154,3.16179234,0.001568013,0.018880938,,ENSMUSG00000035638
ENSMUSG00000007989_Fzd3,371.3216538,0.591690183,0.187267363,3.159601183,0.001579852,0.018992068,,ENSMUSG00000007989
ENSMUSG00000022468_Endou,160.390729,1.856995498,0.587791384,3.159276488,0.001581614,0.01899488,,ENSMUSG00000022468
ENSMUSG00000031757_Mt4,142.6093754,8.842748187,2.799495701,3.158693255,0.001584782,0.019005635,,ENSMUSG00000031757
ENSMUSG00000079547_H2-DMb1,758.0940499,0.675939721,0.213998354,3.158621125,0.001585174,0.019005635,,ENSMUSG00000079547
ENSMUSG00000009013_Dynll1,2030.077969,0.618768826,0.196125388,3.154965467,0.001605171,0.019189945,,ENSMUSG00000009013
ENSMUSG00000039005_Tlr4,297.2036902,0.664689276,0.211147443,3.14798638,0.001643994,0.019615759,,ENSMUSG00000039005
ENSMUSG00000020427_Igfbp3,3620.402445,0.667174334,0.2122498,3.143344936,0.001670289,0.019852113,,ENSMUSG00000020427
ENSMUSG00000079592_C1qtnf5,160.1130094,0.86877719,0.276529553,3.141715521,0.001679611,0.019924228,,ENSMUSG00000079592
ENSMUSG00000015355_Cd48,129.9594103,0.709519819,0.226303172,3.135262363,0.001717005,0.020289162,,ENSMUSG00000015355
ENSMUSG00000024810_Il33,320.8517449,1.084005914,0.346390686,3.129431473,0.001751449,0.02059018,,ENSMUSG00000024810
ENSMUSG00000028965_Tnfrsf9,1218.279865,0.785064749,0.251021075,3.127485406,0.001763086,0.020700475,,ENSMUSG00000028965
ENSMUSG00000037447_Arid5a,398.2942689,0.770701249,0.246622122,3.125028859,0.001777876,0.020834167,,ENSMUSG00000037447
ENSMUSG00000015305_Sash1,4658.260717,0.707824134,0.226633798,3.123206422,0.001788922,0.02093689,,ENSMUSG00000015305
ENSMUSG00000070034_Sp110,217.7469487,0.609774159,0.195542314,3.118374463,0.001818516,0.021229122,,ENSMUSG00000070034
ENSMUSG00000032363_Adamts7,125.7615152,0.851794704,0.273687721,3.112286882,0.00185644,0.021603173,,ENSMUSG00000032363
ENSMUSG00000031119_Gpc4,739.9773841,0.761225732,0.244642447,3.11158485,0.00186086,0.021613517,,ENSMUSG00000031119
ENSMUSG00000040950_Mgl2,400.0911189,0.820180069,0.263871905,3.108250838,0.001881983,0.021762498,,ENSMUSG00000040950
ENSMUSG00000026979_Psd4,552.7248231,0.7244866,0.233588069,3.101556532,0.001925061,0.022176849,,ENSMUSG00000026979
ENSMUSG00000053702_Nebl,1224.618871,0.702645545,0.226896271,3.096769915,0.001956417,0.022464458,,ENSMUSG00000053702
ENSMUSG00000033967_Rnf225,150.0687632,1.284245949,0.415083723,3.093944371,0.001975145,0.022597876,,ENSMUSG00000033967
ENSMUSG00000034854_Mfsd12,281.2101262,0.720962969,0.233543515,3.087060544,0.002021464,0.022988035,,ENSMUSG00000034854
ENSMUSG00000033487_Fndc3a,3088.157851,0.710095145,0.230722003,3.07770882,0.002085986,0.023528849,,ENSMUSG00000033487
ENSMUSG00000020829_Slc46a1,328.0390462,0.720969831,0.234478887,3.074775052,0.002106614,0.023659785,,ENSMUSG00000020829
ENSMUSG00000052776_Oas1a,244.7056331,0.74417685,0.242291122,3.071416089,0.00213046,0.023898377,,ENSMUSG00000052776
ENSMUSG00000026600_Soat1,787.2885319,0.753501958,0.245785232,3.065692562,0.002171665,0.024226354,,ENSMUSG00000026600
ENSMUSG00000044447_Dock5,687.8616252,0.841597563,0.274675339,3.063972055,0.002184193,0.024322825,,ENSMUSG00000044447
ENSMUSG00000017493_Igfbp4,2410.5052,0.614789709,0.200846965,3.060985801,0.002206096,0.024492462,,ENSMUSG00000017493
ENSMUSG00000028378_Ptgr1,359.6828167,2.024668337,0.663054128,3.053549103,0.002261517,0.024986906,,ENSMUSG00000028378
ENSMUSG00000012350_Ehf,2189.392748,1.058611685,0.3471872,3.0491092,0.00229521,0.02522259,,ENSMUSG00000012350
ENSMUSG00000070462_Tlnrd1,874.3532832,0.582617528,0.191283365,3.045834785,0.002320353,0.025437995,,ENSMUSG00000070462
ENSMUSG00000038943_Prc1,115.6262495,0.929794222,0.305383679,3.044675559,0.002329314,0.025475402,,ENSMUSG00000038943
ENSMUSG00000051236_Msrb3,2070.998254,0.583661997,0.191715388,3.044419144,0.002331301,0.025481951,,ENSMUSG00000051236
ENSMUSG00000027224_Duoxa1,107.0547017,1.060263262,0.348547111,3.041951082,0.002350501,0.025630789,,ENSMUSG00000027224
ENSMUSG00000018648_Dusp14,397.948447,0.826038197,0.27183977,3.038695173,0.002376051,0.025878667,,ENSMUSG00000018648
ENSMUSG00000089669_Tnfsf13,141.4469129,0.882184017,0.290337336,3.038479405,0.002377754,0.025881855,,ENSMUSG00000089669
ENSMUSG00000020758_Itgb4,873.1121598,0.608612283,0.201354458,3.022591549,0.002506203,0.026905242,,ENSMUSG00000020758
ENSMUSG00000041361_Myzap,125.5279051,0.781411414,0.259852494,3.007134555,0.00263723,0.027976577,,ENSMUSG00000041361
ENSMUSG00000040612_Ildr2,122.9884455,0.850019002,0.28277404,3.006000838,0.002647083,0.028032514,,ENSMUSG00000040612
ENSMUSG00000079227_Ccr5,219.4824288,0.926423398,0.308987962,2.998250783,0.002715341,0.028639755,,ENSMUSG00000079227
ENSMUSG00000028862_Map3k6,212.9523306,1.061734498,0.355225504,2.988902784,0.002799812,0.029338087,,ENSMUSG00000028862
ENSMUSG00000073489_Ifi204,315.0495871,0.709455332,0.237371023,2.988803443,0.002800722,0.029338087,,ENSMUSG00000073489
ENSMUSG00000025511_Tspan4,210.9278457,0.635024927,0.212588123,2.987113856,0.002816248,0.02943356,,ENSMUSG00000025511
ENSMUSG00000003541_Ier3,255.6868736,0.821649555,0.275174523,2.98592161,0.002827251,0.029531747,,ENSMUSG00000003541
ENSMUSG00000032470_Mras,490.5225787,0.595367929,0.199650449,2.982051543,0.002863238,0.029839749,,ENSMUSG00000032470
ENSMUSG00000030878_Cdr2,245.9498987,0.798379752,0.267762478,2.981671513,0.002866794,0.029859864,,ENSMUSG00000030878
ENSMUSG00000027186_Elf5,141.8994599,1.391586561,0.467390657,2.977352117,0.002907499,0.030181119,,ENSMUSG00000027186
ENSMUSG00000046470_Sox18,382.6367239,0.618650447,0.207808897,2.97701617,0.002910687,0.03019714,,ENSMUSG00000046470
ENSMUSG00000048332_Lhfp,523.5077363,0.603351334,0.202858324,2.974249822,0.002937058,0.030419179,,ENSMUSG00000048332
ENSMUSG00000058099_Nfam1,198.1357053,0.75698675,0.254666317,2.97246514,0.002954188,0.030527713,,ENSMUSG00000058099
ENSMUSG00000029298_Gbp9,451.2039852,0.588495433,0.198304915,2.96762908,0.003001062,0.030907745,,ENSMUSG00000029298
ENSMUSG00000033350_Chst2,256.1692623,0.856898667,0.28881211,2.966976235,0.003007442,0.030938744,,ENSMUSG00000033350
ENSMUSG00000022102_Dok2,158.5557616,0.952525488,0.321275898,2.964820874,0.003028592,0.031121454,,ENSMUSG00000022102
ENSMUSG00000008136_Fhl2,296.493997,0.733695513,0.24786528,2.960057634,0.003075815,0.031508849,,ENSMUSG00000008136
ENSMUSG00000036894_Rap2b,337.4905448,0.599681011,0.202682122,2.95872672,0.003089129,0.031593719,,ENSMUSG00000036894
ENSMUSG00000056708_Ier5,781.1653374,0.632580268,0.213833728,2.958281062,0.003093599,0.031612555,,ENSMUSG00000056708
ENSMUSG00000002458_Rgs19,229.1895044,0.678090087,0.229304021,2.95716614,0.003104808,0.031709447,,ENSMUSG00000002458
ENSMUSG00000059742_Kcnh7,199.7237381,0.637642476,0.215752904,2.955429394,0.003122342,0.031870794,,ENSMUSG00000059742
ENSMUSG00000020592_Sdc1,533.1126884,1.201730243,0.40669569,2.954863482,0.003128074,0.031911572,,ENSMUSG00000020592
ENSMUSG00000063297_Luzp2,259.9216702,1.403917126,0.475284474,2.953845964,0.003138406,0.031981438,,ENSMUSG00000063297
ENSMUSG00000026893_Gca,869.1756625,0.588599183,0.19930602,2.953243377,0.003144539,0.032008413,,ENSMUSG00000026893
ENSMUSG00000020875_Hoxb9,132.3755744,1.303279569,0.441435927,2.952364066,0.003153509,0.032081929,,ENSMUSG00000020875
ENSMUSG00000021097_Clmn,4538.41375,0.687156996,0.233029452,2.948798918,0.003190115,0.032346812,,ENSMUSG00000021097
ENSMUSG00000027800_Tm4sf1,728.7852055,0.580454545,0.197524167,2.938650763,0.003296443,0.033114103,,ENSMUSG00000027800
ENSMUSG00000073418_C4b,1930.623221,0.739197169,0.251686105,2.936980449,0.00331425,0.033223314,,ENSMUSG00000073418
ENSMUSG00000026536_Ifi211,171.4603303,0.922052188,0.314171956,2.934864719,0.003336931,0.033374766,,ENSMUSG00000026536
ENSMUSG00000047040_Prr15l,767.3146422,0.646401221,0.220868823,2.926629539,0.003426568,0.034122594,,ENSMUSG00000047040
ENSMUSG00000034607_Pof1b,194.0454285,3.656510295,1.251355336,2.922039958,0.003477469,0.034461289,,ENSMUSG00000034607
ENSMUSG00000071847_Apcdd1,195.5421115,0.804809128,0.275485362,2.921422479,0.00348437,0.034492443,,ENSMUSG00000071847
ENSMUSG00000020357_Flt4,443.4782652,0.731968541,0.25069662,2.919738372,0.003503254,0.034623383,,ENSMUSG00000020357
ENSMUSG00000001707_Eef1e1,193.2253192,0.607181685,0.208141259,2.91716158,0.003532327,0.0347826,,ENSMUSG00000001707
ENSMUSG00000039982_Dtx4,869.8088558,0.686159492,0.235345618,2.915539694,0.003550739,0.034942244,,ENSMUSG00000039982
ENSMUSG00000041577_Prelp,2406.313004,0.678819951,0.232869416,2.915024061,0.003556611,0.034981281,,ENSMUSG00000041577
ENSMUSG00000024087_Cyp1b1,437.4873487,0.70828492,0.243132135,2.913168683,0.003577813,0.035133356,,ENSMUSG00000024087
ENSMUSG00000020785_Camkk1,502.2058585,0.703479051,0.241671207,2.910893102,0.003603973,0.035258261,,ENSMUSG00000020785
ENSMUSG00000023827_Agpat4,1174.804007,0.61137618,0.21027398,2.907521804,0.003643049,0.035526987,,ENSMUSG00000023827
ENSMUSG00000008601_Rab25,1015.732389,0.593182856,0.20440648,2.901976765,0.00370816,0.036104427,,ENSMUSG00000008601
ENSMUSG00000042379_Esm1,1268.469543,0.825021808,0.284711455,2.897747158,0.003758535,0.036517445,,ENSMUSG00000042379
ENSMUSG00000029762_Akr1b8,211.0347953,0.584059286,0.20159142,2.897242775,0.003764583,0.036556869,,ENSMUSG00000029762
ENSMUSG00000002297_Dbf4,108.5373572,0.625817485,0.216027778,2.896930616,0.003768331,0.036573922,,ENSMUSG00000002297
ENSMUSG00000031877_Ces2g,284.5977193,1.364855049,0.471195578,2.896578647,0.003772561,0.036595632,,ENSMUSG00000031877
ENSMUSG00000060419_Rps16-ps2,262.6742335,0.611614955,0.211272959,2.894904099,0.003792744,0.036771993,,ENSMUSG00000060419
ENSMUSG00000037035_Inhbb,127.6050197,1.035586575,0.358054976,2.892255782,0.003824864,0.037024766,,ENSMUSG00000037035
ENSMUSG00000003271_Sult2b1,122.9354433,1.16625547,0.403709383,2.888849054,0.003866546,0.03729819,,ENSMUSG00000003271
ENSMUSG00000028843_Sh3bgrl3,1362.97383,0.592232895,0.205167507,2.886582299,0.003894509,0.037461951,,ENSMUSG00000028843
ENSMUSG00000046731_Kctd11,376.1758771,0.782762999,0.271523808,2.882852167,0.003940923,0.037835493,,ENSMUSG00000046731
ENSMUSG00000021340_Gpld1,244.7425763,1.431003717,0.496828219,2.880278661,0.003973238,0.038079631,,ENSMUSG00000021340
ENSMUSG00000060586_H2-Eb1,4550.948069,0.655859,0.227851869,2.87844468,0.003996414,0.03822195,,ENSMUSG00000060586
ENSMUSG00000022221_Ripk3,117.5409103,1.018552995,0.354448918,2.873624221,0.004057915,0.038689245,,ENSMUSG00000022221
ENSMUSG00000067006_Serpinb5,164.490979,4.350078153,1.517282977,2.86701836,0.00414359,0.039220999,,ENSMUSG00000067006
ENSMUSG00000085472_Gm15691,103.9736234,1.375366366,0.479857981,2.866194626,0.004154388,0.039282707,,ENSMUSG00000085472
ENSMUSG00000031647_Mfap3l,527.7248512,0.996538914,0.348038362,2.863301932,0.004192508,0.039521064,,ENSMUSG00000031647
ENSMUSG00000056632_Dsg3,146.1626425,5.251702143,1.838229039,2.856935687,0.004277525,0.040101528,,ENSMUSG00000056632
ENSMUSG00000030793_Pycard,421.4998565,0.7302644,0.256005282,2.852536458,0.004337184,0.040469362,,ENSMUSG00000030793
ENSMUSG00000048779_P2ry6,174.9351326,0.70576052,0.24759146,2.850504291,0.004364996,0.040690543,,ENSMUSG00000048779
ENSMUSG00000039676_Capsl,216.9047119,0.693561525,0.243710851,2.845837694,0.004429477,0.041142376,,ENSMUSG00000039676
ENSMUSG00000087150_BC064078,114.5112253,1.060347207,0.372775219,2.84446807,0.004448564,0.041236239,,ENSMUSG00000087150
ENSMUSG00000021123_Rdh12,125.0001946,1.577783797,0.554780657,2.843977663,0.004455417,0.041278923,,ENSMUSG00000021123
ENSMUSG00000015890_Amdhd1,438.8103299,0.683366165,0.240364307,2.843043429,0.004468498,0.041316733,,ENSMUSG00000015890
ENSMUSG00000042787_Exog,155.924607,0.652213321,0.229380845,2.843364366,0.004464,0.041316733,,ENSMUSG00000042787
ENSMUSG00000032184_Lysmd2,239.3998246,0.706814343,0.248733445,2.841653811,0.00448802,0.041455486,,ENSMUSG00000032184
ENSMUSG00000025481_Urah,105.3040608,1.090578221,0.384521874,2.836192927,0.004565486,0.041997934,,ENSMUSG00000025481
ENSMUSG00000021638_Ocln,555.76906,0.599571694,0.211496796,2.834897295,0.004584042,0.042130512,,ENSMUSG00000021638
ENSMUSG00000066861_Oas1g,110.287083,0.691784939,0.244716168,2.826886939,0.004700292,0.042941026,,ENSMUSG00000066861
ENSMUSG00000031465_Angpt2,129.7044657,1.187240427,0.420382483,2.824191003,0.004740013,0.043196454,,ENSMUSG00000031465
ENSMUSG00000053626_Tll1,109.4005301,0.667980477,0.236900258,2.819669689,0.004807311,0.043614943,,ENSMUSG00000053626
ENSMUSG00000073421_H2-Ab1,4147.423002,0.627483869,0.222884479,2.815287413,0.004873363,0.044040138,,ENSMUSG00000073421
ENSMUSG00000026077_Npas2,499.9922709,0.795995838,0.28295806,2.813123036,0.004906287,0.044250568,,ENSMUSG00000026077
ENSMUSG00000037411_Serpine1,155.2110456,1.024719089,0.364572089,2.810744762,0.004942698,0.04451337,,ENSMUSG00000037411
ENSMUSG00000018168_Ikzf3,111.5712403,1.066129566,0.380156904,2.804446148,0.005040311,0.045170925,,ENSMUSG00000018168
ENSMUSG00000087141_Plcxd2,128.2017047,0.831674665,0.296915628,2.801047123,0.005093708,0.04547193,,ENSMUSG00000087141
ENSMUSG00000005410_Mcm5,147.0479226,0.691381845,0.246996383,2.799157768,0.00512361,0.045648848,,ENSMUSG00000005410
ENSMUSG00000046718_Bst2,412.4472356,0.588012463,0.210213632,2.797213761,0.005154542,0.045806114,,ENSMUSG00000046718
ENSMUSG00000030589_Rasgrp4,119.6869865,0.693515629,0.248023029,2.796174337,0.00517115,0.045829065,,ENSMUSG00000030589
ENSMUSG00000018581_Dnah11,179.2034398,1.216080412,0.435237334,2.794062726,0.005205038,0.046018351,,ENSMUSG00000018581
ENSMUSG00000061126_Cyp4f39,127.1580822,1.539634807,0.551801748,2.790195597,0.005267621,0.046415221,,ENSMUSG00000061126
ENSMUSG00000028108_Ecm1,1367.254403,0.940863429,0.337818523,2.785114982,0.005350874,0.046901245,,ENSMUSG00000028108
ENSMUSG00000040714_Klc3,355.4475927,0.750060107,0.269895718,2.779073753,0.005451415,0.047491693,,ENSMUSG00000040714
ENSMUSG00000013766_Ly6g6e,134.6910785,0.983615969,0.354257169,2.776559108,0.005493764,0.047788724,,ENSMUSG00000013766
ENSMUSG00000039238_Zfp750,511.9369776,0.701215715,0.252804455,2.773747461,0.005541468,0.048021695,,ENSMUSG00000039238
ENSMUSG00000030772_Dkk3,369.3605662,0.906437057,0.327082304,2.771281249,0.005583618,0.048273055,,ENSMUSG00000030772
ENSMUSG00000022947_Cbr3,305.2300479,0.757710594,0.274017164,2.765193917,0.005688897,0.04892984,,ENSMUSG00000022947
ENSMUSG00000040212_Emp3,282.3318285,0.712873012,0.257877833,2.764382673,0.005703061,0.049028705,,ENSMUSG00000040212
ENSMUSG00000025888_Casp1,130.8473741,0.842903968,0.304955981,2.76401848,0.005709431,0.049060493,,ENSMUSG00000025888
ENSMUSG00000042743_Sgtb,183.7088583,0.915601137,0.331506433,2.761940787,0.00574589,0.049304568,,ENSMUSG00000042743
ENSMUSG00000028044_Cks1b,148.5188366,0.604313154,0.218965249,2.75985873,0.005782636,0.04950514,,ENSMUSG00000028044
ENSMUSG00000042029_Ncapg2,136.4474486,0.586391708,0.212590094,2.758320943,0.005809912,0.04966826,,ENSMUSG00000042029
ENSMUSG00000035208_Slfn8,127.2706786,0.624688625,0.226605897,2.756718311,0.005838462,0.049819556,,ENSMUSG00000035208
ENSMUSG00000025372_Baiap2,964.0253376,0.863959934,0.31345978,2.756206667,0.005847604,0.049874383,,ENSMUSG00000025372
ENSMUSG00000021823_Vcl,2188.000387,0.755264583,0.274195503,2.754474724,0.005878643,0.049972773,,ENSMUSG00000021823
