"","baseMean","log2FoldChange","lfcSE","stat","pvalue","padj","sig","genelabels"
"Rab6b",437.7707299,-4.760212864,0.211591411,-22.49719324,4.42e-112,8.12e-108,"sig",TRUE
"Bcat1",970.2375277,4.822886335,0.250800375,19.22998054,2.08e-82,1.91e-78,"sig",TRUE
"Gpnmb",1541.975088,4.221666026,0.252242608,16.73653023,7.1e-63,4.35e-59,"sig",TRUE
"Stra6",159.458803,3.989562059,0.258113206,15.45663671,6.81e-54,3.12e-50,"sig",TRUE
"Lama3",1108.182296,2.834881913,0.199722682,14.19409098,9.97e-46,3.66e-42,"sig",TRUE
"Pink1",3069.779044,-3.189984354,0.227301749,-14.03413904,9.64e-45,2.95e-41,"sig",TRUE
"Gm49980",345.0092578,3.131371259,0.229609688,13.63780109,2.39e-42,6.26e-39,"sig",TRUE
"Rbp1",3358.617847,2.06661083,0.153417376,13.47051347,2.33e-41,5.35e-38,"sig",TRUE
"Sox17",484.8808838,3.023025673,0.236329915,12.79154891,1.83e-37,3.73e-34,"sig",TRUE
"Hs3st4",131.26263,8.29253498,0.671702752,12.34554265,5.15e-35,9.45e-32,"sig",TRUE
"Serpinb6b",348.3603167,2.767619656,0.227825082,12.14800248,5.88e-34,9.81e-31,"sig",FALSE
"Zfp990",123.4643213,8.394962771,0.712667432,11.77963576,4.97e-32,7.61e-29,"sig",FALSE
"Gm3164",73.22200793,6.779471744,0.582118729,11.64620103,2.4e-31,3.39e-28,"sig",FALSE
"Ccdc74a",529.2525682,-1.777931127,0.155269628,-11.4506047,2.34e-30,3.06e-27,"sig",FALSE
"Clec4n",140.5235777,4.242848126,0.378938713,11.19666052,4.23e-29,5.18e-26,"sig",FALSE
"Khk",804.5871074,2.230313837,0.200216918,11.13948738,8.06e-29,9.25e-26,"sig",FALSE
"Slc1a1",1823.036733,2.771630462,0.24957488,11.10540639,1.18e-28,1.28e-25,"sig",FALSE
"Plod1",2030.269041,1.810490297,0.167621337,10.801073,3.4e-27,3.47e-24,"sig",FALSE
"Gm3512",50.20664442,3.804663742,0.352413315,10.79602722,3.59e-27,3.47e-24,"sig",FALSE
"Zfp982",44.0457758,-4.945958024,0.471656239,-10.48636192,9.98e-26,9.16e-23,"sig",FALSE
"Gpr179",140.0418139,-3.01880529,0.28891982,-10.44859191,1.49e-25,1.3e-22,"sig",FALSE
"Mmp12",2009.392196,3.938987415,0.383314597,10.27612161,9.03e-25,7.54e-22,"sig",FALSE
"Slc26a10",4726.504643,-2.093819892,0.204154025,-10.25607943,1.11e-24,8.87e-22,"sig",FALSE
"Gm3252",52.03147199,5.509139548,0.554068845,9.943059603,2.7e-23,2.07e-20,"sig",FALSE
"AU018091",43.02270008,6.00234687,0.606617113,9.894786577,4.39e-23,3.22e-20,"sig",FALSE
"Gm3488",82.39295257,4.875197383,0.49354783,9.877862054,5.19e-23,3.67e-20,"sig",FALSE
"Dpyd",321.3737976,-2.040646477,0.208795582,-9.773417872,1.46e-22,9.96e-20,"sig",FALSE
"D830030K20Rik",53.07895304,5.413415786,0.557226694,9.714925437,2.6e-22,1.71e-19,"sig",FALSE
"Lgals3",2266.815319,2.674515887,0.27882307,9.592161388,8.63e-22,5.46e-19,"sig",FALSE
"Col25a1",251.7726189,3.537908912,0.3743844,9.44993678,3.39e-21,2.08e-18,"sig",FALSE
"Gm10409",45.66004263,5.658525133,0.60168925,9.404397919,5.23e-21,3.1e-18,"sig",FALSE
"Anxa1",9105.212473,2.487206738,0.265761228,9.358802103,8.06e-21,4.63e-18,"sig",FALSE
"Gm3020",43.17862378,5.608075542,0.599977903,9.347136805,9.01e-21,5.01e-18,"sig",FALSE
"Atp2b2",267.9884786,3.881395403,0.41565301,9.338066393,9.81e-21,5.3e-18,"sig",FALSE
"Znf41-ps",79.12802807,-3.109693171,0.337169887,-9.222926745,2.89e-20,1.52e-17,"sig",FALSE
"Serpinb9",1031.96042,1.36719569,0.148404565,9.212625573,3.18e-20,1.62e-17,"sig",FALSE
"Gm8281",42.19463296,4.951504717,0.54606674,9.06758158,1.22e-19,6.04e-17,"sig",FALSE
"Bcl2a1b",149.8010931,2.363512942,0.26299848,8.986793172,2.55e-19,1.23e-16,"sig",FALSE
"Lcn2",217.4338992,3.716762975,0.414210561,8.973124599,2.88e-19,1.36e-16,"sig",FALSE
"Grp",1344.69954,2.930727757,0.327226336,8.956271051,3.36e-19,1.51e-16,"sig",FALSE
"Ccl22",160.7611408,3.47483842,0.388007043,8.955606562,3.38e-19,1.51e-16,"sig",FALSE
"Serpinb3a",490.1115304,27.02507672,3.026235737,8.930261575,4.25e-19,1.86e-16,"sig",FALSE
"Clec7a",427.6568295,2.508287244,0.281157061,8.921302687,4.61e-19,1.97e-16,"sig",FALSE
"Gm3002",45.07100093,5.766704089,0.650492766,8.865131771,7.64e-19,3.19e-16,"sig",FALSE
"Ptgs1",598.3137742,1.878053565,0.212667,8.830959032,1.04e-18,4.23e-16,"sig",FALSE
"Snx31",241.9926214,-3.115376762,0.355054034,-8.774373645,1.72e-18,6.71e-16,"sig",FALSE
"Cpa4",308.1373542,2.400723518,0.273543211,8.776395919,1.69e-18,6.71e-16,"sig",FALSE
"Ctsd",28989.28293,0.999283983,0.114494526,8.727788277,2.6e-18,9.94e-16,"sig",FALSE
"Cda",91.09814811,2.829785184,0.325220083,8.701139109,3.29e-18,1.23e-15,"sig",FALSE
"Gpr39",35.42609092,4.085302739,0.470069423,8.690849771,3.6e-18,1.32e-15,"sig",FALSE
"Lilr4b",521.2772445,2.177384831,0.251322301,8.663715175,4.57e-18,1.64e-15,"sig",FALSE
"Slc34a2",593.5277088,3.912321904,0.454297452,8.611806848,7.19e-18,2.54e-15,"sig",FALSE
"Cxcl2",30.81905663,4.576091596,0.535448782,8.546273239,1.27e-17,4.4e-15,"sig",FALSE
"Fads2",715.8221936,-1.382126187,0.162129094,-8.524849876,1.53e-17,5.2e-15,"sig",FALSE
"Slc22a21",211.3421743,2.144296348,0.255387205,8.396255986,4.61e-17,1.54e-14,"sig",FALSE
"Efemp1",1734.867483,1.20400344,0.145309297,8.285797696,1.17e-16,3.85e-14,"sig",FALSE
"Chgb",215.0282178,-3.304878975,0.399413783,-8.274323801,1.29e-16,4.16e-14,"sig",FALSE
"Il18r1",1674.839331,1.331223669,0.161206981,8.257853744,1.48e-16,4.7e-14,"sig",FALSE
"Kank4",407.5963398,1.777734525,0.217192265,8.185072913,2.72e-16,8.47e-14,"sig",FALSE
"Scg5",6360.178253,1.915209272,0.235631736,8.127976754,4.37e-16,1.34e-13,"sig",FALSE
"Tmem35a",869.5286785,2.332956335,0.28715972,8.12424644,4.5e-16,1.36e-13,"sig",FALSE
"Fermt1",170.2411164,2.215791538,0.27336489,8.105618613,5.25e-16,1.55e-13,"sig",FALSE
"Gsta3",1584.403231,1.413203184,0.174553093,8.096122257,5.67e-16,1.65e-13,"sig",FALSE
"Parvb",933.8409242,-1.141493998,0.141786655,-8.050785875,8.23e-16,2.36e-13,"sig",FALSE
"Trem1",43.43226538,4.040983977,0.505416832,7.995349032,1.29e-15,3.65e-13,"sig",FALSE
"Them5",264.6630378,6.114568882,0.765494036,7.987742024,1.37e-15,3.82e-13,"sig",FALSE
"Gm10406",31.97589289,4.277169946,0.537838693,7.952514384,1.83e-15,5.01e-13,"sig",FALSE
"2510039O18Rik",1339.53101,0.813674699,0.102596874,7.930794235,2.18e-15,5.88e-13,"sig",FALSE
"Gm49339",246.6273279,2.653503204,0.334850188,7.924448889,2.29e-15,6.1e-13,"sig",FALSE
"Clec4d",50.81923635,4.406874827,0.556291519,7.92188031,2.34e-15,6.14e-13,"sig",FALSE
"Nectin3",272.9649998,2.005776142,0.255307487,7.856315413,3.96e-15,1.02e-12,"sig",FALSE
"Scn9a",58.24391945,-4.543798266,0.579988699,-7.834287594,4.72e-15,1.2e-12,"sig",FALSE
"Cfap52",216.1978659,-1.834122964,0.234676097,-7.815550819,5.47e-15,1.38e-12,"sig",FALSE
"Ccl6",1476.226974,2.410779258,0.308782033,7.80738191,5.84e-15,1.45e-12,"sig",FALSE
"Pdlim1",1499.162573,1.415631352,0.181611626,7.794827792,6.45e-15,1.58e-12,"sig",FALSE
"Sprr1a",470.6203673,7.577551779,0.973490318,7.783900506,7.03e-15,1.7e-12,"sig",FALSE
"Upk3bl",433.5827089,3.224935409,0.414696215,7.776621285,7.45e-15,1.77e-12,"sig",FALSE
"Ccl17",106.0884286,4.686231206,0.602801092,7.774092103,7.6e-15,1.77e-12,"sig",FALSE
"Sphk1",269.6394289,3.244321532,0.41734169,7.773777725,7.62e-15,1.77e-12,"sig",FALSE
"Tcn2",6326.442234,1.226948083,0.158590005,7.736604094,1.02e-14,2.34e-12,"sig",FALSE
"Plek",393.9468705,1.542924845,0.200336734,7.701657168,1.34e-14,3.04e-12,"sig",FALSE
"Mfge8",3379.846896,1.330984793,0.173254322,7.682260255,1.56e-14,3.5e-12,"sig",FALSE
"Sod3",3629.326407,1.829940711,0.238619703,7.668858404,1.74e-14,3.84e-12,"sig",FALSE
"Pcsk2",761.7686499,-3.006531236,0.393405665,-7.642318096,2.13e-14,4.66e-12,"sig",FALSE
"Malt1",1004.913953,1.555374134,0.203678688,7.636410818,2.23e-14,4.83e-12,"sig",FALSE
"Gm43305",1503.557499,2.125623522,0.280115799,7.58837427,3.24e-14,6.92e-12,"sig",FALSE
"Arl4c",609.6281385,1.810926489,0.239043593,7.575716496,3.57e-14,7.54e-12,"sig",FALSE
"Nnat",178.1838741,-2.676267474,0.356265382,-7.512005392,5.82e-14,1.22e-11,"sig",FALSE
"Cxcl3",29.30663307,7.591432669,1.012343869,7.498867632,6.44e-14,1.33e-11,"sig",FALSE
"Ccn4",4203.097378,-1.460322996,0.194861616,-7.494154199,6.67e-14,1.36e-11,"sig",FALSE
"Acpp",895.7557036,2.280294106,0.304326506,7.492919799,6.74e-14,1.36e-11,"sig",FALSE
"Eddm3b",301.3485003,-1.523837683,0.204682518,-7.44488438,9.7e-14,1.94e-11,"sig",FALSE
"Scg3",284.8946741,-2.736347777,0.36821699,-7.431345784,1.07e-13,2.12e-11,"sig",FALSE
"Dhcr24",1637.857121,1.555168666,0.209422514,7.425986038,1.12e-13,2.19e-11,"sig",FALSE
"Sorcs2",423.1004013,-1.261054718,0.170800795,-7.383189973,1.55e-13,2.99e-11,"sig",FALSE
"Ubd",85.52866627,2.935193539,0.397820309,7.378189282,1.6e-13,3.07e-11,"sig",FALSE
"Gm47015",35.03510945,3.450284644,0.468038623,7.371794709,1.68e-13,3.19e-11,"sig",FALSE
"Jag1",1012.200974,1.007610497,0.137326799,7.337318749,2.18e-13,4.06e-11,"sig",FALSE
"Elmod1",126.7310922,2.794470578,0.380889547,7.336695372,2.19e-13,4.06e-11,"sig",FALSE
"Cd68",623.4339949,1.726723119,0.235400167,7.335267194,2.21e-13,4.06e-11,"sig",FALSE
"Gm46620",1938.818043,2.074281432,0.284701723,7.285805685,3.2e-13,5.81e-11,"sig",FALSE
"Trem2",222.0157415,2.15234811,0.295625779,7.280650958,3.32e-13,5.98e-11,"sig",FALSE
"Sprr2g",25.60700633,6.538069897,0.898551247,7.276234852,3.43e-13,6.12e-11,"sig",FALSE
"Ccl8",177.1777214,2.086366324,0.287711542,7.251590633,4.12e-13,7.27e-11,"sig",FALSE
"Trank1",285.7488832,1.701434458,0.235175203,7.234752794,4.66e-13,8.16e-11,"sig",FALSE
"Gm42427",2153.05852,2.502534133,0.346071278,7.231267918,4.79e-13,8.29e-11,"sig",FALSE
"Psrc1",74.43519238,2.097475249,0.291942947,7.184538176,6.74e-13,1.16e-10,"sig",FALSE
"Hs3st3a1",205.367386,2.144718005,0.298767243,7.178558081,7.05e-13,1.2e-10,"sig",FALSE
"Itgax",772.9279179,1.94283367,0.270848075,7.173149264,7.33e-13,1.23e-10,"sig",FALSE
"Tmem100",803.6617271,2.001434385,0.27945278,7.161977009,7.95e-13,1.33e-10,"sig",FALSE
"Ephb3",379.2407614,1.995851252,0.278865738,7.157032863,8.24e-13,1.36e-10,"sig",FALSE
"Greb1",368.8091279,-2.148100665,0.300665813,-7.144479268,9.03e-13,1.48e-10,"sig",FALSE
"Gm2974",26.8371325,6.106785029,0.857272351,7.123506344,1.05e-12,1.71e-10,"sig",FALSE
"Kcna2",171.2593297,-2.030634868,0.285359077,-7.116068953,1.11e-12,1.79e-10,"sig",FALSE
"Gpr176",44.05435404,2.744782701,0.386584534,7.100084089,1.25e-12,1.99e-10,"sig",FALSE
"AA467197",54.58314745,3.690871316,0.521352764,7.079412586,1.45e-12,2.29e-10,"sig",FALSE
"Ankrd29",115.185866,1.781291707,0.25200373,7.068513258,1.57e-12,2.46e-10,"sig",FALSE
"Epha1",795.3851536,1.544394801,0.219104505,7.048667487,1.81e-12,2.8e-10,"sig",FALSE
"4930481A15Rik",69.59188185,-3.260059069,0.46255281,-7.047971597,1.82e-12,2.8e-10,"sig",FALSE
"Tgfbi",2968.58144,2.10998003,0.299722188,7.0397859,1.93e-12,2.95e-10,"sig",FALSE
"4930452B06Rik",169.6546435,-1.710617032,0.243168237,-7.0347059,2e-12,3.03e-10,"sig",FALSE
"Ctsb",23401.29185,1.145081822,0.162901468,7.02929099,2.08e-12,3.12e-10,"sig",FALSE
"Cp",4280.428955,1.208888751,0.172226321,7.019186995,2.23e-12,3.33e-10,"sig",FALSE
"Ar",510.8673367,-1.143466518,0.164815663,-6.937851021,3.98e-12,5.9e-10,"sig",FALSE
"Il1f9",57.00465596,7.559343585,1.09146659,6.925858888,4.33e-12,6.37e-10,"sig",FALSE
"Tmprss2",3269.578357,1.216177853,0.175812509,6.917470551,4.6e-12,6.7e-10,"sig",FALSE
"Ccn5",152.4093844,2.709448521,0.392317844,6.906258688,4.98e-12,7.14e-10,"sig",FALSE
"AU021092",5572.316543,1.319903011,0.19109253,6.907140797,4.95e-12,7.14e-10,"sig",FALSE
"H2-D1",13982.06571,0.889210391,0.128962582,6.895103832,5.38e-12,7.66e-10,"sig",FALSE
"Sla",780.3538423,1.834087445,0.266250755,6.888571812,5.64e-12,7.96e-10,"sig",FALSE
"Ptprn2",83.12730543,-3.120721427,0.453606869,-6.879793136,5.99e-12,8.4e-10,"sig",FALSE
"Pctp",498.9343288,1.026686692,0.149493013,6.867790467,6.52e-12,9.07e-10,"sig",FALSE
"Gm266",54.92416388,4.222667179,0.616048259,6.854442197,7.16e-12,9.8e-10,"sig",FALSE
"St3gal1",1719.964107,1.484093079,0.216544849,6.853513645,7.21e-12,9.8e-10,"sig",FALSE
"Tgm3",1362.769442,9.195128373,1.341433466,6.854703275,7.15e-12,9.8e-10,"sig",FALSE
"Serpinb10",61.08589624,4.054719981,0.59371546,6.829399359,8.53e-12,1.15e-09,"sig",FALSE
"Ptgdr",97.76723911,5.011145139,0.736494998,6.804045046,1.02e-11,1.36e-09,"sig",FALSE
"2610042L04Rik",22.19125257,6.59523579,0.97160557,6.787976516,1.14e-11,1.51e-09,"sig",FALSE
"Trarg1",307.0388819,-1.603462704,0.236281771,-6.786231116,1.15e-11,1.52e-09,"sig",FALSE
"Il7r",203.9406679,1.731979921,0.256357991,6.756098819,1.42e-11,1.85e-09,"sig",FALSE
"Emb",2556.600159,0.714792789,0.105808194,6.755552313,1.42e-11,1.85e-09,"sig",FALSE
"Tcerg1l",29.21992216,-3.32897044,0.493129382,-6.750703902,1.47e-11,1.9e-09,"sig",FALSE
"Timp1",134.284623,2.458945481,0.364372911,6.748431084,1.49e-11,1.92e-09,"sig",FALSE
"Cytip",262.5002997,1.588005936,0.235398935,6.746020049,1.52e-11,1.94e-09,"sig",FALSE
"Stra6l",23.35237557,3.859405302,0.574626793,6.716368521,1.86e-11,2.36e-09,"sig",FALSE
"Gm3468",49.23068993,2.708114439,0.404573314,6.693754492,2.18e-11,2.74e-09,"sig",FALSE
"Cdkn1a",1696.661955,1.192747102,0.178611474,6.677886227,2.42e-11,3.03e-09,"sig",FALSE
"Cpxm2",760.9823802,1.191539202,0.178886668,6.66086084,2.72e-11,3.38e-09,"sig",FALSE
"Pak3",302.1845661,2.101529524,0.316107503,6.648148194,2.97e-11,3.66e-09,"sig",FALSE
"Plac8",288.501862,1.333148994,0.200955766,6.634042017,3.27e-11,4e-09,"sig",FALSE
"Lama2",782.624472,-0.968264852,0.145983128,-6.632717514,3.3e-11,4.01e-09,"sig",FALSE
"Krt8",8738.71883,1.321851884,0.200044501,6.607789148,3.9e-11,4.71e-09,"sig",FALSE
"Man1c1",600.68964,-0.78489869,0.11901524,-6.594942701,4.25e-11,5.11e-09,"sig",FALSE
"Lor",1321.230624,9.167122571,1.391265485,6.5890534,4.43e-11,5.28e-09,"sig",FALSE
"Mdga1",206.3293897,-1.427706937,0.216737035,-6.587277246,4.48e-11,5.31e-09,"sig",FALSE
"Resp18",127.2259026,-3.150394831,0.479211439,-6.574122763,4.89e-11,5.76e-09,"sig",FALSE
"Hexa",4981.740374,1.072752091,0.163582115,6.5578813,5.46e-11,6.38e-09,"sig",FALSE
"Syt7",190.5767961,-2.09477133,0.320259552,-6.540855115,6.12e-11,7.11e-09,"sig",FALSE
"Lhx2",39.21160811,4.79097742,0.735399142,6.514798763,7.28e-11,8.39e-09,"sig",FALSE
"Cd300lf",34.66081434,3.476082283,0.533621011,6.514140586,7.31e-11,8.39e-09,"sig",FALSE
"Cd84",245.9404608,1.70115062,0.261544791,6.504242016,7.81e-11,8.91e-09,"sig",FALSE
"Slc15a3",173.57588,1.623210902,0.249805819,6.497890682,8.15e-11,9.23e-09,"sig",FALSE
"2300002M23Rik",181.1388861,7.06583837,1.088546441,6.491076637,8.52e-11,9.6e-09,"sig",FALSE
"Mki67",236.4360905,1.685797168,0.259759594,6.489836019,8.59e-11,9.61e-09,"sig",FALSE
"Scn5a",111.550264,2.844113741,0.438293498,6.489062135,8.64e-11,9.61e-09,"sig",FALSE
"Cd300lb",68.44907578,1.735511664,0.267901509,6.478170545,9.28e-11,1.03e-08,"sig",FALSE
"Gm8206",28.15468885,4.45605276,0.68822264,6.474725617,9.5e-11,1.04e-08,"sig",FALSE
"Disp2",47.50168048,-2.308454837,0.357811113,-6.451601853,1.11e-10,1.21e-08,"sig",FALSE
"Tyrobp",506.5513837,1.588844179,0.246679862,6.440915622,1.19e-10,1.29e-08,"sig",FALSE
"Gm3248",29.55647336,3.474879463,0.539609478,6.439619024,1.2e-10,1.29e-08,"sig",FALSE
"Gm49542",31.55295837,-2.987954746,0.465900361,-6.413291334,1.42e-10,1.53e-08,"sig",FALSE
"Krtdap",1108.76816,10.26847736,1.604038738,6.401639261,1.54e-10,1.64e-08,"sig",FALSE
"Mgat5b",20.95516674,-3.995253393,0.624610492,-6.396391744,1.59e-10,1.69e-08,"sig",FALSE
"Crocc",284.9081426,-1.483696196,0.232061386,-6.393550536,1.62e-10,1.71e-08,"sig",FALSE
"Pck1",2029.306681,-2.036980338,0.31892097,-6.387100658,1.69e-10,1.77e-08,"sig",FALSE
"Ccl3",50.23910058,3.797504622,0.594642483,6.386197981,1.7e-10,1.77e-08,"sig",FALSE
"Hlf",255.7148012,-1.533572612,0.240569173,-6.374767765,1.83e-10,1.9e-08,"sig",FALSE
"Gm3739",27.58700848,3.484755455,0.547163891,6.368759908,1.91e-10,1.97e-08,"sig",FALSE
"Itgb2",767.6850871,1.691870133,0.266110141,6.357781501,2.05e-10,2.1e-08,"sig",FALSE
"Insrr",100.4248338,-3.212090376,0.505413435,-6.355371964,2.08e-10,2.12e-08,"sig",FALSE
"Ccl9",734.0981784,1.897348416,0.298706791,6.351875733,2.13e-10,2.16e-08,"sig",FALSE
"Fam171a2",721.5719333,1.093162884,0.172322086,6.343718964,2.24e-10,2.26e-08,"sig",FALSE
"Cacnb2",75.13711551,1.625970373,0.256444441,6.340439144,2.29e-10,2.3e-08,"sig",FALSE
"Cckar",46.77328174,-4.049992769,0.639884834,-6.329252634,2.46e-10,2.46e-08,"sig",FALSE
"Lsr",1519.45474,0.894358493,0.141537704,6.318870987,2.63e-10,2.62e-08,"sig",FALSE
"Fam184a",123.4876159,-2.106220608,0.333546966,-6.314614798,2.71e-10,2.67e-08,"sig",FALSE
"Vmp1",2608.313207,0.795458113,0.126412712,6.29254844,3.12e-10,3.03e-08,"sig",FALSE
"Ctss",2918.684726,1.538923401,0.244502392,6.294103666,3.09e-10,3.03e-08,"sig",FALSE
"Gm42047",1207.356137,1.568916953,0.24929811,6.293336735,3.11e-10,3.03e-08,"sig",FALSE
"Ascl1",114.8365626,-2.911000907,0.463270747,-6.283584554,3.31e-10,3.2e-08,"sig",FALSE
"Amigo1",1053.657482,-0.676789166,0.10776798,-6.280057993,3.38e-10,3.25e-08,"sig",FALSE
"Syk",400.4014944,1.014730836,0.161972608,6.26482989,3.73e-10,3.57e-08,"sig",FALSE
"Tubb6",747.9468125,1.471775472,0.235067163,6.261084929,3.82e-10,3.64e-08,"sig",FALSE
"Fezf2",80.09260376,4.125426044,0.659495118,6.255430753,3.96e-10,3.75e-08,"sig",FALSE
"Gm15987",20.83184579,3.348149138,0.53630535,6.242990372,4.29e-10,4.04e-08,"sig",FALSE
"Capg",2450.003155,1.288126512,0.206550048,6.236389304,4.48e-10,4.2e-08,"sig",FALSE
"Slc6a4",45.06488558,3.538602445,0.568215324,6.227573062,4.74e-10,4.42e-08,"sig",FALSE
"Sinhcaf",182.8232172,1.274136003,0.205236138,6.208146443,5.36e-10,4.97e-08,"sig",FALSE
"Cdca7l",1505.84832,1.376314269,0.221834802,6.204230618,5.5e-10,5.07e-08,"sig",FALSE
"Anxa2",8539.177746,1.195232028,0.192748959,6.200977881,5.61e-10,5.15e-08,"sig",FALSE
"Ect2l",22.61455332,-3.728783375,0.601531124,-6.198820349,5.69e-10,5.2e-08,"sig",FALSE
"Ccr1",79.80711404,2.387850082,0.38589545,6.187816109,6.1e-10,5.55e-08,"sig",FALSE
"Gm5796",19.23869664,6.014818654,0.97284241,6.182726607,6.3e-10,5.7e-08,"sig",FALSE
"Srgn",630.3287043,0.862298201,0.139709302,6.172088675,6.74e-10,6.07e-08,"sig",FALSE
"Sema3a",133.1952359,2.31565768,0.376905169,6.143873497,8.05e-10,7.21e-08,"sig",FALSE
"S100a6",2074.298551,1.53376389,0.250222088,6.129610303,8.81e-10,7.85e-08,"sig",FALSE
"Plat",583.0996793,1.372316386,0.223963936,6.127398944,8.93e-10,7.92e-08,"sig",FALSE
"Plb1",125.4300278,1.871207742,0.306648067,6.102134485,1.05e-09,9.24e-08,"sig",FALSE
"Myo1g",226.780509,1.250199677,0.205006506,6.098341477,1.07e-09,9.42e-08,"sig",FALSE
"Pnoc",78.3220051,-3.605782905,0.592513942,-6.085566342,1.16e-09,1.02e-07,"sig",FALSE
"Sfn",1134.620633,1.801940839,0.296155146,6.084448861,1.17e-09,1.02e-07,"sig",FALSE
"Gm3411",19.42501857,4.735635013,0.779270601,6.077009714,1.22e-09,1.06e-07,"sig",FALSE
"Krt18",3498.807614,1.155600592,0.190215713,6.075211011,1.24e-09,1.07e-07,"sig",FALSE
"Hoxb5",63.57029183,1.962444534,0.324353333,6.050329485,1.45e-09,1.23e-07,"sig",FALSE
"Pcsk1n",58.89800017,-2.64997153,0.437960809,-6.050704714,1.44e-09,1.23e-07,"sig",FALSE
"Ifi44",181.2140318,1.511839769,0.250038834,6.046419839,1.48e-09,1.26e-07,"sig",FALSE
"Trim67",61.3477991,-2.578415682,0.42684169,-6.040683799,1.53e-09,1.3e-07,"sig",FALSE
"Hddc3",262.9263226,0.944853235,0.156775129,6.026805657,1.67e-09,1.41e-07,"sig",FALSE
"Tnfsf8",23.5035975,2.74162305,0.456141225,6.010469785,1.85e-09,1.55e-07,"sig",FALSE
"Slpi",964.2751332,8.389454951,1.396712193,6.006573861,1.89e-09,1.58e-07,"sig",FALSE
"Gm29260",89.59653667,1.603328164,0.267184894,6.000818919,1.96e-09,1.63e-07,"sig",FALSE
"C3ar1",312.5948024,1.304900356,0.217531287,5.998678976,1.99e-09,1.65e-07,"sig",FALSE
"Osgin2",431.2673869,1.273179995,0.212281995,5.997588224,2e-09,1.65e-07,"sig",FALSE
"Coro1c",1649.600654,0.849530607,0.142095157,5.978603548,2.25e-09,1.84e-07,"sig",FALSE
"Grik3",34.6539546,-2.622955608,0.439641769,-5.966120134,2.43e-09,1.98e-07,"sig",FALSE
"Rpl41",4267.72706,0.905772471,0.15186709,5.964244589,2.46e-09,2e-07,"sig",FALSE
"Tnfsf11",49.50887243,2.887969281,0.484687123,5.958419655,2.55e-09,2.06e-07,"sig",FALSE
"Rbp7",111.4455203,1.823543586,0.306142703,5.956514946,2.58e-09,2.07e-07,"sig",FALSE
"Dner",85.36584787,-3.318296626,0.557088928,-5.95649359,2.58e-09,2.07e-07,"sig",FALSE
"Aqp6",114.9941483,-1.64876224,0.276976943,-5.952705742,2.64e-09,2.11e-07,"sig",FALSE
"Tagln2",6800.557029,0.936643565,0.157392878,5.950990791,2.67e-09,2.12e-07,"sig",FALSE
"Cd24a",42275.18291,0.702797435,0.118242901,5.94367553,2.79e-09,2.21e-07,"sig",FALSE
"Map6d1",28.27975111,2.78856185,0.46929925,5.941969543,2.82e-09,2.22e-07,"sig",FALSE
"Tgtp1",1147.256275,1.359170535,0.228950506,5.936525579,2.91e-09,2.28e-07,"sig",FALSE
"Ptgs2",87.76865067,2.599283928,0.438580662,5.926581253,3.09e-09,2.42e-07,"sig",FALSE
"Olfm1",359.5306378,1.134029614,0.191797365,5.912644388,3.37e-09,2.62e-07,"sig",FALSE
"Lgi3",232.7510934,-1.568450928,0.265820032,-5.900424123,3.63e-09,2.81e-07,"sig",FALSE
"Syt9",62.3578502,-1.865068836,0.316230903,-5.897807004,3.68e-09,2.84e-07,"sig",FALSE
"Tlr13",114.9617841,1.50109321,0.254562312,5.896761372,3.71e-09,2.85e-07,"sig",FALSE
"Asprv1",1866.913864,8.800117724,1.493032365,5.894123885,3.77e-09,2.88e-07,"sig",FALSE
"Ceacam19",216.2618016,1.532613998,0.260112872,5.89211132,3.81e-09,2.91e-07,"sig",FALSE
"Itga4",1036.834031,1.122350546,0.191020267,5.875557422,4.21e-09,3.2e-07,"sig",FALSE
"Klrg2",185.6264451,1.747849112,0.297901502,5.867204771,4.43e-09,3.35e-07,"sig",FALSE
"Abcc8",56.55006381,-2.484976906,0.424415487,-5.855057086,4.77e-09,3.59e-07,"sig",FALSE
"Scg2",2405.193993,-3.271456276,0.559701303,-5.845003854,5.07e-09,3.8e-07,"sig",FALSE
"Dapl1",112.6620706,2.965742762,0.507616899,5.842482333,5.14e-09,3.82e-07,"sig",FALSE
"B3gnt7",120.4206941,2.632207612,0.450480171,5.843115368,5.12e-09,3.82e-07,"sig",FALSE
"Celf3",53.36668726,-2.267715592,0.388209717,-5.841470449,5.17e-09,3.83e-07,"sig",FALSE
"Krt78",666.1525097,10.14257814,1.737777906,5.836521518,5.33e-09,3.93e-07,"sig",FALSE
"Bsg",14960.82277,0.812268143,0.139238911,5.833628969,5.42e-09,3.97e-07,"sig",FALSE
"Mpeg1",1985.075889,1.034968594,0.177408503,5.833816176,5.42e-09,3.97e-07,"sig",FALSE
"Plaur",131.5383182,2.001956323,0.343361454,5.830463205,5.53e-09,4.02e-07,"sig",FALSE
"D630045J12Rik",348.3487016,-1.792280517,0.307413548,-5.830193655,5.54e-09,4.02e-07,"sig",FALSE
"Gcnt4",30.29319758,2.967581001,0.511108522,5.806166149,6.39e-09,4.62e-07,"sig",FALSE
"Gm2897",38.53490357,2.70249395,0.466891938,5.78826433,7.11e-09,5.12e-07,"sig",FALSE
"Krt19",3255.953818,1.31949434,0.228142094,5.783651389,7.31e-09,5.24e-07,"sig",FALSE
"S100g",38.79046102,4.150821206,0.717969705,5.781331961,7.41e-09,5.3e-07,"sig",FALSE
"Socs3",327.7132449,1.047058065,0.181338074,5.774066305,7.74e-09,5.51e-07,"sig",FALSE
"Mpzl3",565.7241943,1.01019646,0.1750886,5.769630115,7.94e-09,5.63e-07,"sig",FALSE
"Tgm1",380.3786537,2.100225455,0.364314141,5.764874916,8.17e-09,5.77e-07,"sig",FALSE
"Grem1",316.9843642,2.40629823,0.418857143,5.744913923,9.2e-09,6.47e-07,"sig",FALSE
"Ucp2",4688.429528,1.055638586,0.183897116,5.740375977,9.45e-09,6.62e-07,"sig",FALSE
"Rasgrp3",1051.404005,1.02244007,0.178268507,5.735393691,9.73e-09,6.79e-07,"sig",FALSE
"Gm3667",23.76973581,4.553333595,0.794342163,5.732206857,9.91e-09,6.9e-07,"sig",FALSE
"Abat",282.3240789,-0.895991561,0.156567512,-5.722716998,1.05e-08,7.26e-07,"sig",FALSE
"Ereg",26.31995597,4.733139051,0.827814512,5.717632373,1.08e-08,7.46e-07,"sig",FALSE
"Sv2a",117.5003257,-1.534787377,0.268608297,-5.713849472,1.1e-08,7.6e-07,"sig",FALSE
"Pcsk1",177.6212315,-2.271749416,0.397733823,-5.711733029,1.12e-08,7.66e-07,"sig",FALSE
"Gm3752",13.60079395,6.081004455,1.066364137,5.702559045,1.18e-08,8.06e-07,"sig",FALSE
"Crispld2",651.5922676,-1.096171852,0.192269556,-5.701224241,1.19e-08,8.09e-07,"sig",FALSE
"Crip1",3097.697777,1.226804828,0.215293607,5.69828732,1.21e-08,8.2e-07,"sig",FALSE
"Msr1",148.5875235,2.026895685,0.356951278,5.678353907,1.36e-08,9.15e-07,"sig",FALSE
"Gcnt3",68.99300369,3.316286175,0.584019968,5.678378068,1.36e-08,9.15e-07,"sig",FALSE
"Ctsk",416.1477621,1.351082036,0.238064803,5.675270011,1.38e-08,9.28e-07,"sig",FALSE
"Cd53",377.6547006,1.188471844,0.209575258,5.670859507,1.42e-08,9.45e-07,"sig",FALSE
"Gm2956",13.96241047,6.030217389,1.063293241,5.671264667,1.42e-08,9.45e-07,"sig",FALSE
"Actn1",2761.268167,0.956319254,0.168716508,5.668202039,1.44e-08,9.57e-07,"sig",FALSE
"Napsa",5092.898401,1.479379677,0.261987022,5.646767027,1.63e-08,1.08e-06,"sig",FALSE
"Iffo2",555.5704099,1.008815415,0.179119092,5.632093159,1.78e-08,1.17e-06,"sig",FALSE
"Ly6i",51.31611594,4.840591249,0.860407611,5.625927978,1.85e-08,1.21e-06,"sig",FALSE
"Ism2",75.02488781,-1.951906818,0.347354072,-5.619357816,1.92e-08,1.25e-06,"sig",FALSE
"Tbc1d2",287.5441222,1.36512872,0.243109543,5.615282325,1.96e-08,1.28e-06,"sig",FALSE
"Pheta1",605.1463835,0.937045806,0.166926764,5.613514474,1.98e-08,1.29e-06,"sig",FALSE
"Mxra7",481.9723996,0.721029446,0.128462316,5.612770111,1.99e-08,1.29e-06,"sig",FALSE
"Gjb4",243.5558782,1.543173598,0.275051469,5.610490294,2.02e-08,1.3e-06,"sig",FALSE
"Glb1l2",511.9643217,-1.27832883,0.228036115,-5.605817429,2.07e-08,1.33e-06,"sig",FALSE
"Prss33",13.9979904,6.507302656,1.163108449,5.594751428,2.21e-08,1.41e-06,"sig",FALSE
"Ear2",118.6438269,1.841646369,0.329238351,5.593656878,2.22e-08,1.42e-06,"sig",FALSE
"Racgap1",106.2381364,1.579753882,0.282977107,5.582620799,2.37e-08,1.51e-06,"sig",FALSE
"Nptx1",3912.292271,1.59561389,0.285905837,5.580907019,2.39e-08,1.52e-06,"sig",FALSE
"Psap",34882.31825,0.839731564,0.150773593,5.56948697,2.55e-08,1.61e-06,"sig",FALSE
"Lbp",1045.871713,1.286891445,0.231442348,5.56031105,2.69e-08,1.69e-06,"sig",FALSE
"B4galt6",435.78174,1.35503281,0.243748322,5.559147245,2.71e-08,1.7e-06,"sig",FALSE
"Cldn3",2542.300867,0.823854854,0.148249373,5.557223177,2.74e-08,1.71e-06,"sig",FALSE
"Invs",856.3360401,1.55467029,0.279975518,5.552879408,2.81e-08,1.75e-06,"sig",FALSE
"Apoe",11866.30691,1.071907041,0.193065966,5.552024864,2.82e-08,1.75e-06,"sig",FALSE
"Slc5a8",1180.571804,-1.182457192,0.213220261,-5.54570747,2.93e-08,1.81e-06,"sig",FALSE
"Olr1",33.4756933,2.897368982,0.524279715,5.526380092,3.27e-08,2.01e-06,"sig",FALSE
"Prelid2",88.88938359,1.548839059,0.280400526,5.523666736,3.32e-08,2.04e-06,"sig",FALSE
"Tmem40",130.9285716,2.204218965,0.400150547,5.508474195,3.62e-08,2.22e-06,"sig",FALSE
"Top2a",155.2147238,1.595438429,0.289880995,5.503770361,3.72e-08,2.27e-06,"sig",FALSE
"Fam178b",111.7022796,1.277505822,0.232238347,5.50083928,3.78e-08,2.3e-06,"sig",FALSE
"Lgmn",2317.776307,0.724394794,0.132044955,5.485971002,4.11e-08,2.49e-06,"sig",FALSE
"Calca",12365.98395,-3.156850901,0.575472835,-5.485664503,4.12e-08,2.49e-06,"sig",FALSE
"Lad1",460.0236612,1.886346506,0.343902491,5.485120215,4.13e-08,2.49e-06,"sig",FALSE
"Tmprss13",525.1169789,1.147793937,0.209345546,5.482772196,4.19e-08,2.51e-06,"sig",FALSE
"Cpm",333.9976137,2.019679404,0.368488431,5.480984564,4.23e-08,2.52e-06,"sig",FALSE
"Tacstd2",1377.645908,1.447116823,0.264003634,5.481427674,4.22e-08,2.52e-06,"sig",FALSE
"Phldb2",1129.692912,1.39336263,0.254305758,5.479084085,4.28e-08,2.54e-06,"sig",FALSE
"Serpinb7",30.50606745,4.695703133,0.857070288,5.478784181,4.28e-08,2.54e-06,"sig",FALSE
"Gipr",21.60917583,-2.527753753,0.461441,-5.477956561,4.3e-08,2.54e-06,"sig",FALSE
"Thbs3",1084.98961,1.573933204,0.288139334,5.462403135,4.7e-08,2.76e-06,"sig",FALSE
"Ccl12",29.90400286,2.582177009,0.473167077,5.457220369,4.84e-08,2.84e-06,"sig",FALSE
"Gbp2",666.0688027,0.851996815,0.15639002,5.447897605,5.1e-08,2.98e-06,"sig",FALSE
"Lurap1l",371.69078,1.052134167,0.193150162,5.447234207,5.12e-08,2.98e-06,"sig",FALSE
"Lamtor3-ps",14.8250243,4.81948909,0.885150602,5.444823829,5.19e-08,3.01e-06,"sig",FALSE
"Gfra1",113.5915378,-1.619620979,0.297627348,-5.441774717,5.28e-08,3.06e-06,"sig",FALSE
"Slc22a15",203.9490941,1.108080547,0.203662354,5.440772553,5.31e-08,3.06e-06,"sig",FALSE
"Ppargc1b",125.6075116,-1.29021473,0.237335006,-5.436259716,5.44e-08,3.13e-06,"sig",FALSE
"C1qb",1930.271868,1.357675173,0.250097752,5.428578074,5.68e-08,3.26e-06,"sig",FALSE
"Cttnbp2nl",785.370428,0.834892779,0.154551085,5.402050594,6.59e-08,3.77e-06,"sig",FALSE
"Fcgr3",527.6256345,1.213820734,0.224747683,5.400815337,6.63e-08,3.78e-06,"sig",FALSE
"Sdf4",5892.272987,0.583565759,0.108098673,5.398454424,6.72e-08,3.82e-06,"sig",FALSE
"St8sia6",616.0110442,1.911565607,0.354295969,5.395391914,6.84e-08,3.88e-06,"sig",FALSE
"Naaa",1006.386221,0.877810561,0.162727304,5.394365541,6.88e-08,3.89e-06,"sig",FALSE
"S100a10",2117.017336,1.154590707,0.214121302,5.392227181,6.96e-08,3.92e-06,"sig",FALSE
"Snhg11",823.0297298,-1.291062725,0.239566542,-5.38916126,7.08e-08,3.98e-06,"sig",FALSE
"Kcnj4",13.55458393,-3.802353792,0.706067876,-5.3852525,7.23e-08,4.05e-06,"sig",FALSE
"Inha",94.48348123,-1.380088659,0.25644503,-5.38161594,7.38e-08,4.12e-06,"sig",FALSE
"Fv1",58.90627523,-1.458779948,0.271094227,-5.381080835,7.4e-08,4.12e-06,"sig",FALSE
"Snap25",58.55891165,-2.838291219,0.527894801,-5.376622788,7.59e-08,4.21e-06,"sig",FALSE
"Gusb",1084.732618,0.722170565,0.134453751,5.371144777,7.82e-08,4.33e-06,"sig",FALSE
"Slc12a8",182.7364794,-1.245495978,0.23204669,-5.367436956,7.99e-08,4.4e-06,"sig",FALSE
"Shisal1",103.916178,-1.919137217,0.358586271,-5.351953973,8.7e-08,4.78e-06,"sig",FALSE
"Trak2",2502.735211,-0.532391518,0.099513042,-5.349967256,8.8e-08,4.82e-06,"sig",FALSE
"Plod2",944.2395378,0.724067398,0.135632107,5.338466033,9.37e-08,5.12e-06,"sig",FALSE
"Il4i1",147.0555147,1.901452897,0.356205449,5.338079192,9.39e-08,5.12e-06,"sig",FALSE
"Rps14",5454.858396,1.025656986,0.192255443,5.334865802,9.56e-08,5.19e-06,"sig",FALSE
"Kctd12",3105.939474,1.170175775,0.219506636,5.330935758,9.77e-08,5.29e-06,"sig",FALSE
"Fabp5",1133.975293,3.16119252,0.593407062,5.327190597,9.97e-08,5.37e-06,"sig",FALSE
"Fmo5",547.9496343,-0.649371824,0.121892098,-5.327431689,9.96e-08,5.37e-06,"sig",FALSE
"Csf2rb",337.144347,1.566818939,0.294387448,5.322302115,1.02e-07,5.5e-06,"sig",FALSE
"Gstz1",1316.272902,-0.624358422,0.117382663,-5.319000321,1.04e-07,5.59e-06,"sig",FALSE
"Il1rap",585.5494993,0.858251452,0.16143769,5.316301632,1.06e-07,5.65e-06,"sig",FALSE
"Pkp1",641.5140516,5.567074826,1.047918309,5.312508409,1.08e-07,5.76e-06,"sig",FALSE
"Ly6d",240.7598899,5.461349342,1.028546454,5.309774119,1.1e-07,5.83e-06,"sig",FALSE
"Moxd1",3740.747715,1.977233307,0.372629526,5.30616382,1.12e-07,5.92e-06,"sig",FALSE
"Insm1",30.89734346,-2.843299812,0.536257193,-5.302119675,1.14e-07,6.04e-06,"sig",FALSE
"Fcgr2b",535.7814519,1.175766681,0.222012323,5.295952332,1.18e-07,6.23e-06,"sig",FALSE
"Ms4a7",304.9215432,1.263998239,0.238800167,5.293121264,1.2e-07,6.31e-06,"sig",FALSE
"Ms4a6d",140.7623686,1.922531595,0.363805288,5.284507007,1.26e-07,6.59e-06,"sig",FALSE
"Bcl2a1a",38.54245454,2.293200145,0.434209449,5.281322533,1.28e-07,6.69e-06,"sig",FALSE
"Krt80",828.2240008,1.560313395,0.295586897,5.278696083,1.3e-07,6.77e-06,"sig",FALSE
"Trim30a",308.9506835,1.050897917,0.19910375,5.27814226,1.31e-07,6.77e-06,"sig",FALSE
"Arhgap11a",400.959104,1.129638192,0.214301118,5.271265975,1.35e-07,7.01e-06,"sig",FALSE
"Csrp1",12724.8832,0.964211661,0.183128754,5.265211719,1.4e-07,7.2e-06,"sig",FALSE
"Lamb3",3781.766753,0.855097847,0.162389643,5.265716667,1.4e-07,7.2e-06,"sig",FALSE
"Ctps",832.5538604,0.881533344,0.167487744,5.263270745,1.42e-07,7.24e-06,"sig",FALSE
"Cd276",366.336242,1.154446431,0.219322305,5.263698229,1.41e-07,7.24e-06,"sig",FALSE
"Bcl2a1d",67.50337624,2.002014355,0.38157659,5.246690723,1.55e-07,7.9e-06,"sig",FALSE
"Cnpy1",42.57213012,-2.966769323,0.568419737,-5.219328486,1.8e-07,9.13e-06,"sig",FALSE
"Nenf",1007.046133,0.835797582,0.160281245,5.214568826,1.84e-07,9.35e-06,"sig",FALSE
"Gm3383",30.85463111,2.623169638,0.503227427,5.212692111,1.86e-07,9.42e-06,"sig",FALSE
"Cyba",1627.671321,0.946892455,0.182385979,5.191695435,2.08e-07,1.05e-05,"sig",FALSE
"Gm3194",30.46846705,2.675876098,0.516286622,5.182927441,2.18e-07,1.1e-05,"sig",FALSE
"Acod1",16.41224405,4.917969306,0.949410025,5.180026727,2.22e-07,1.11e-05,"sig",FALSE
"Ildr1",1274.893617,0.710961516,0.137387776,5.17485279,2.28e-07,1.14e-05,"sig",FALSE
"Pex5l",45.80092537,-2.468357257,0.477426051,-5.170135254,2.34e-07,1.17e-05,"sig",FALSE
"Lilrb4a",538.5314078,1.203017045,0.23278042,5.168033653,2.37e-07,1.18e-05,"sig",FALSE
"Slc25a42",720.0771738,-0.927470359,0.179588008,-5.164433695,2.41e-07,1.2e-05,"sig",FALSE
"Rptn",2097.969572,12.0416025,2.334206566,5.158756161,2.49e-07,1.23e-05,"sig",FALSE
"Endod1",1156.037067,0.814461171,0.158340071,5.143746415,2.69e-07,1.33e-05,"sig",FALSE
"Nhs",121.5312742,-1.147082556,0.223083818,-5.14193528,2.72e-07,1.34e-05,"sig",FALSE
"Rgs1",94.29371264,1.7251365,0.335698493,5.138946219,2.76e-07,1.36e-05,"sig",FALSE
"Celsr3",34.67429858,-2.759040104,0.537138104,-5.136556287,2.8e-07,1.37e-05,"sig",FALSE
"Slc7a11",85.25628093,2.366558864,0.460797915,5.135784661,2.81e-07,1.37e-05,"sig",FALSE
"Ctsh",3810.540483,0.641225903,0.124919809,5.133100245,2.85e-07,1.39e-05,"sig",FALSE
"Cxcl11",66.65640441,-2.088848193,0.40709363,-5.131124732,2.88e-07,1.4e-05,"sig",FALSE
"Masp2",12.46284095,3.463204023,0.675503882,5.126845476,2.95e-07,1.43e-05,"sig",FALSE
"Prrg4",70.16024224,1.682096594,0.328352905,5.122831469,3.01e-07,1.45e-05,"sig",FALSE
"Trpv4",1943.462269,1.159524405,0.226446959,5.120512142,3.05e-07,1.47e-05,"sig",FALSE
"Lrrc31",53.07949745,2.682306289,0.524717234,5.111908124,3.19e-07,1.53e-05,"sig",FALSE
"Wfdc17",127.5275327,1.866847209,0.36554079,5.107083149,3.27e-07,1.57e-05,"sig",FALSE
"Gm3005",39.20144491,4.372059539,0.85808825,5.095116428,3.49e-07,1.67e-05,"sig",FALSE
"Kcnk3",248.62891,-2.147464415,0.422075996,-5.08786199,3.62e-07,1.73e-05,"sig",FALSE
"Rbm20",533.6950873,-1.018374334,0.200468661,-5.079967749,3.77e-07,1.8e-05,"sig",FALSE
"Sfrp4",332.6098841,1.551816191,0.305602812,5.077885839,3.82e-07,1.81e-05,"sig",FALSE
"Sh3tc2",377.9462768,0.950391782,0.187228252,5.076113089,3.85e-07,1.82e-05,"sig",FALSE
"Zfp991",151.1729055,-1.557969245,0.306930636,-5.075965251,3.86e-07,1.82e-05,"sig",FALSE
"Nckap1l",535.2649726,0.885344964,0.174469836,5.074487276,3.89e-07,1.83e-05,"sig",FALSE
"Rpl12",4952.7455,0.702471878,0.138456572,5.07359,3.9e-07,1.83e-05,"sig",FALSE
"Fads1",1104.801472,-0.69459944,0.137087873,-5.066819018,4.05e-07,1.89e-05,"sig",FALSE
"Stk32a",36.8990326,-2.316950435,0.457449373,-5.064933021,4.09e-07,1.91e-05,"sig",FALSE
"Cybb",725.0202716,1.089399924,0.215172012,5.062925758,4.13e-07,1.91e-05,"sig",FALSE
"Slamf7",160.2301863,1.34841256,0.266293316,5.063636517,4.11e-07,1.91e-05,"sig",FALSE
"Lrrc8c",531.7674509,0.97438885,0.192440269,5.063331378,4.12e-07,1.91e-05,"sig",FALSE
"Serpinb2",111.1126485,5.176175963,1.022412983,5.062705626,4.13e-07,1.91e-05,"sig",FALSE
"Prmt8",17.02186326,-3.066458523,0.606387689,-5.056927408,4.26e-07,1.97e-05,"sig",FALSE
"Prkch",417.5609093,0.865473068,0.171332955,5.051410382,4.39e-07,2.02e-05,"sig",FALSE
"BC067074",185.3897466,-1.190792495,0.235781915,-5.050397937,4.41e-07,2.02e-05,"sig",FALSE
"Tnr",16.9637273,-2.976957966,0.590705435,-5.039665782,4.66e-07,2.12e-05,"sig",FALSE
"Aoc3",680.3935955,-1.266942407,0.251389926,-5.039750115,4.66e-07,2.12e-05,"sig",FALSE
"Glb1",1929.406247,1.024052774,0.20317503,5.040249155,4.65e-07,2.12e-05,"sig",FALSE
"Kng2",247.9527315,1.507450483,0.299040648,5.040955111,4.63e-07,2.12e-05,"sig",FALSE
"Ncf2",229.532361,1.324698072,0.263117523,5.034625054,4.79e-07,2.17e-05,"sig",FALSE
"Tmed3",3279.406128,0.987684423,0.196161426,5.035059346,4.78e-07,2.17e-05,"sig",FALSE
"Smc2",157.3964245,0.953663847,0.189577871,5.030459739,4.89e-07,2.2e-05,"sig",FALSE
"Smpdl3b",141.2551162,1.735829195,0.345075311,5.030290894,4.9e-07,2.2e-05,"sig",FALSE
"Tcirg1",728.1762793,0.737815816,0.146696763,5.029530298,4.92e-07,2.21e-05,"sig",FALSE
"Lipe",1707.526969,-1.22161119,0.24296596,-5.027910866,4.96e-07,2.22e-05,"sig",FALSE
"Rps3",7152.532204,0.654680916,0.130220351,5.027485407,4.97e-07,2.22e-05,"sig",FALSE
"Tspo",1603.293282,0.815017722,0.16217511,5.025541344,5.02e-07,2.24e-05,"sig",FALSE
"Cntn1",61.9696558,3.510486924,0.701111973,5.00702749,5.53e-07,2.46e-05,"sig",FALSE
"Dusp4",91.75286341,-1.419972524,0.283784484,-5.00370035,5.62e-07,2.49e-05,"sig",FALSE
"Dsg1b",138.6948531,9.953780626,1.98919131,5.003933295,5.62e-07,2.49e-05,"sig",FALSE
"Gm37752",13.12131603,5.087930862,1.01803634,4.997789037,5.8e-07,2.56e-05,"sig",FALSE
"Pilra",62.03936964,1.846652865,0.369932493,4.991864464,5.98e-07,2.63e-05,"sig",FALSE
"Stmn1",469.0910898,1.065289607,0.213580693,4.987761719,6.11e-07,2.68e-05,"sig",FALSE
"Unc80",22.59360785,-3.091323808,0.620971536,-4.978205322,6.42e-07,2.81e-05,"sig",FALSE
"Calm4",612.8397816,12.09570365,2.432456471,4.972629026,6.61e-07,2.89e-05,"sig",FALSE
"Entpd4b",1252.822741,-0.766590022,0.154230759,-4.970409451,6.68e-07,2.91e-05,"sig",FALSE
"Phf11d",244.9050509,0.86693222,0.174478987,4.968691278,6.74e-07,2.93e-05,"sig",FALSE
"Irf7",291.9004224,1.066716533,0.214714495,4.968069494,6.76e-07,2.94e-05,"sig",FALSE
"Kif4",48.14822127,1.62636906,0.32757244,4.9649142,6.87e-07,2.98e-05,"sig",FALSE
"S100a14",538.3446838,3.219999357,0.649514811,4.957545697,7.14e-07,3.08e-05,"sig",FALSE
"Fxyd5",755.5090526,0.97826118,0.197450154,4.95447159,7.25e-07,3.13e-05,"sig",FALSE
"Lzts1",69.77281651,-1.764795867,0.356688979,-4.947716278,7.51e-07,3.23e-05,"sig",FALSE
"Fyb2",90.75049925,1.705647559,0.345398754,4.938198364,7.88e-07,3.38e-05,"sig",FALSE
"Rab38",131.5029666,0.97103793,0.196976023,4.929726558,8.23e-07,3.52e-05,"sig",FALSE
"Esyt3",93.24167557,2.061469821,0.418256518,4.928721324,8.28e-07,3.53e-05,"sig",FALSE
"Glipr1",121.9058528,1.236279776,0.250847337,4.928414987,8.29e-07,3.53e-05,"sig",FALSE
"B430306N03Rik",18.42890662,3.179938794,0.645561827,4.925847005,8.4e-07,3.57e-05,"sig",FALSE
"Casp4",113.9214502,1.651850593,0.335693151,4.920715799,8.62e-07,3.66e-05,"sig",FALSE
"Laptm5",943.2981758,0.873566742,0.17754912,4.920141216,8.65e-07,3.66e-05,"sig",FALSE
"Dram1",1289.060424,0.767754839,0.156138612,4.91713632,8.78e-07,3.71e-05,"sig",FALSE
"Fbxl16",120.3913863,-1.201298375,0.244395793,-4.915380748,8.86e-07,3.73e-05,"sig",FALSE
"A230057D06Rik",33.35482756,-2.250197702,0.457808033,-4.915155571,8.87e-07,3.73e-05,"sig",FALSE
"Ntrk2",595.8441252,-1.060100796,0.215781442,-4.912845092,8.98e-07,3.76e-05,"sig",FALSE
"Ikzf1",292.8766395,1.061338624,0.21653986,4.901354543,9.52e-07,3.98e-05,"sig",FALSE
"Pkp3",802.7818975,0.971341704,0.198270055,4.899084252,9.63e-07,4.02e-05,"sig",FALSE
"Srd5a1",376.1539981,1.756669808,0.35868627,4.897510593,9.71e-07,4.04e-05,"sig",FALSE
"Slc5a9",276.622702,1.563190363,0.319414014,4.893931678,9.88e-07,4.1e-05,"sig",FALSE
"Eppk1",342.3523983,1.229072101,0.251138485,4.894001419,9.88e-07,4.1e-05,"sig",FALSE
"Csf1",893.2886971,0.808521914,0.165269364,4.892146354,9.97e-07,4.13e-05,"sig",FALSE
"Miip",285.6541251,-1.254365275,0.256437721,-4.891500625,1e-06,4.13e-05,"sig",FALSE
"Ddc",71.81996495,-2.094526339,0.428417064,-4.888989059,1.01e-06,4.16e-05,"sig",FALSE
"Cd47",2425.641426,0.515048594,0.105345958,4.889115871,1.01e-06,4.16e-05,"sig",FALSE
"Plau",516.3154526,0.952846343,0.194963308,4.887311125,1.02e-06,4.19e-05,"sig",FALSE
"Mucl1",33.23662761,3.616423572,0.740349573,4.884751345,1.04e-06,4.24e-05,"sig",FALSE
"Gm42793",11.47095426,4.01024406,0.8212106,4.883332073,1.04e-06,4.26e-05,"sig",FALSE
"Gm26886",6.757294786,6.134797168,1.256502718,4.882438437,1.05e-06,4.27e-05,"sig",FALSE
"Tbxas1",175.8096842,1.193998492,0.244625841,4.880917261,1.06e-06,4.28e-05,"sig",FALSE
"Ly6g6c",152.8975213,5.208180662,1.067079732,4.880779297,1.06e-06,4.28e-05,"sig",FALSE
"Atp1a3",92.46263123,1.686337171,0.345840889,4.876049151,1.08e-06,4.38e-05,"sig",FALSE
"Gldn",52.28207046,-2.14449765,0.439917115,-4.874776582,1.09e-06,4.4e-05,"sig",FALSE
"Psmb8",726.8572016,0.824226125,0.169096743,4.874287399,1.09e-06,4.4e-05,"sig",FALSE
"Lctl",37.15524888,-2.422161476,0.497368984,-4.869948778,1.12e-06,4.49e-05,"sig",FALSE
"Acot1",854.3887395,0.921087614,0.189205818,4.868178067,1.13e-06,4.52e-05,"sig",FALSE
"Rtl6",279.0723923,-0.948209486,0.19510077,-4.860101189,1.17e-06,4.69e-05,"sig",FALSE
"Aqp1",3643.478698,1.102053695,0.227146634,4.85172804,1.22e-06,4.88e-05,"sig",FALSE
"C1qa",2104.87238,1.035938755,0.213509155,4.851964112,1.22e-06,4.88e-05,"sig",FALSE
"Pdk1",1280.835452,-0.720596919,0.148537919,-4.851265751,1.23e-06,4.88e-05,"sig",FALSE
"Naaladl2",214.8868303,1.473859132,0.303937354,4.849220113,1.24e-06,4.92e-05,"sig",FALSE
"Emp1",2234.276883,0.790235841,0.163072185,4.8459266,1.26e-06,4.99e-05,"sig",FALSE
"Cldn1",278.4566969,1.314551166,0.271332362,4.844800512,1.27e-06,5e-05,"sig",FALSE
"Lemd1",36.86177079,2.928816994,0.604717387,4.843282261,1.28e-06,5.03e-05,"sig",FALSE
"Gm3173",10.20137891,6.09503831,1.260544637,4.835241951,1.33e-06,5.23e-05,"sig",FALSE
"Gtf2f2",673.2308079,1.065025164,0.22049423,4.830172492,1.36e-06,5.35e-05,"sig",FALSE
"Gm2a",2131.79971,1.007330292,0.208585076,4.829349783,1.37e-06,5.36e-05,"sig",FALSE
"S100a9",43.61520345,2.801004695,0.580495444,4.82519669,1.4e-06,5.46e-05,"sig",FALSE
"Chrdl1",417.6571484,0.995580732,0.206394936,4.82366841,1.41e-06,5.49e-05,"sig",FALSE
"Kcnt1",21.69734064,-2.573788523,0.533616697,-4.823290829,1.41e-06,5.49e-05,"sig",FALSE
"Arhgef17",1089.188086,-0.769498054,0.159585459,-4.821855685,1.42e-06,5.52e-05,"sig",FALSE
"Cdca3",58.41325625,1.67178933,0.346900793,4.819214495,1.44e-06,5.58e-05,"sig",FALSE
"Krt13",11265.95809,10.78458195,2.238351067,4.818092261,1.45e-06,5.6e-05,"sig",FALSE
"Cdh2",67.41363474,-1.299500225,0.270338943,-4.806929436,1.53e-06,5.9e-05,"sig",FALSE
"Rps10",3318.662028,0.670822289,0.139543653,4.807257605,1.53e-06,5.9e-05,"sig",FALSE
"Pnpla3",208.9208402,-1.599778084,0.332862737,-4.806119482,1.54e-06,5.91e-05,"sig",FALSE
"Lypd3",232.7053203,5.769032928,1.200694852,4.804745284,1.55e-06,5.94e-05,"sig",FALSE
"Ccr7",19.58924229,2.557533557,0.532411108,4.803681815,1.56e-06,5.96e-05,"sig",FALSE
"Gm3636",83.30119314,1.630840254,0.339738937,4.800274791,1.58e-06,6.05e-05,"sig",FALSE
"Fndc9",28.72120989,6.118552285,1.275597719,4.796615887,1.61e-06,6.15e-05,"sig",FALSE
"Gm8108",22.51564033,3.327559275,0.693813996,4.796039418,1.62e-06,6.15e-05,"sig",FALSE
"Litaf",837.6764167,0.79004171,0.164743896,4.795575004,1.62e-06,6.15e-05,"sig",FALSE
"Esp8",11.53960314,3.269865279,0.682457397,4.79131048,1.66e-06,6.27e-05,"sig",FALSE
"Hck",141.4458073,1.370459909,0.286359461,4.785802796,1.7e-06,6.43e-05,"sig",FALSE
"Klk10",338.0352266,5.960466373,1.246114969,4.783239524,1.72e-06,6.5e-05,"sig",FALSE
"Cbfa2t3",800.6732964,-1.006136612,0.210432748,-4.781273928,1.74e-06,6.55e-05,"sig",FALSE
"Il1rn",259.8119462,2.36011143,0.494097976,4.776606147,1.78e-06,6.69e-05,"sig",FALSE
"Cpn2",16.84485826,-3.305177769,0.69215271,-4.77521466,1.8e-06,6.73e-05,"sig",FALSE
"Tpst2",562.9406596,0.585419496,0.122673403,4.772179458,1.82e-06,6.8e-05,"sig",FALSE
"Cavin3",476.7956728,1.017945065,0.213309166,4.77215811,1.82e-06,6.8e-05,"sig",FALSE
"Ahnak",10577.6897,0.919757434,0.192816277,4.770123393,1.84e-06,6.86e-05,"sig",FALSE
"Snap91",140.3664509,-2.087891377,0.438151146,-4.765230894,1.89e-06,7.01e-05,"sig",FALSE
"Ptgfrn",1438.895745,0.721713833,0.151518787,4.763197018,1.91e-06,7.07e-05,"sig",FALSE
"Fam25c",226.5721385,7.659229026,1.608821945,4.760768617,1.93e-06,7.14e-05,"sig",FALSE
"Lrig1",1417.246584,-0.666087586,0.140169947,-4.75199997,2.01e-06,7.44e-05,"sig",FALSE
"Timp2",6376.824396,0.761870728,0.160432654,4.748850739,2.05e-06,7.54e-05,"sig",FALSE
"Usp35",251.9197772,1.042679112,0.219635654,4.747312613,2.06e-06,7.59e-05,"sig",FALSE
"Cdk1",63.83228552,1.56699704,0.330480647,4.74156976,2.12e-06,7.79e-05,"sig",FALSE
